query_id,query_variant,mode,rank,returned_title,returned_url_or_doi,justification,raw_response_path
1,V3_TITLE_ONLY,WEB_SEARCH,1,"Federal Parliament Election 1972 (Panel: 2nd Wave, October 1971 - January 1972)",https://doi.org/10.4232/1.0753,"This is a GESIS Data Archive study with the exact title requested, covering the 2nd panel wave from October 1971 to January 1972 of the 1972 Federal Parliament Election.",logs\query_1_WEB_SEARCH.json
2,V3_TITLE_ONLY,WEB_SEARCH,1,"Political Socialization in Pre-School Age (Kinder im Vorschulalter, 1969)",https://doi.org/10.4232/1.0271,"This GESIS dataset (ZA0271) is explicitly titled ""Political Socialization in Pre-School Age"" and matches the requested title.",logs\query_2_WEB_SEARCH.json
3,V3_TITLE_ONLY,WEB_SEARCH,1,Social Change and Violent Crime,https://doi.org/10.4232/1.4876,"This GESIS dataset (ZA2150) is explicitly titled “Social Change and Violent Crime” and examines the relationship between social change processes and violent crime in the Federal Republic of Germany, matching the requested title.",logs\query_3_WEB_SEARCH.json
3,V3_TITLE_ONLY,WEB_SEARCH,2,Social Change and Violent Crime (ZA2150) – GESIS landing page,https://search.gesis.org/research_data/ZA2150,"This is the GESIS-hosted landing page for study ZA2150, titled “Social Change and Violent Crime”, providing study description, access details, and documentation for the dataset requested by the user.",logs\query_3_WEB_SEARCH.json
4,V3_TITLE_ONLY,WEB_SEARCH,1,Social Science Telephone Interviews among the General Public via the Mobile Phone Net (CELLA 1),https://doi.org/10.4232/1.13506,"This DOI resolves to the GESIS Data Archive landing page for the dataset titled “Social Science Telephone Interviews among the General Public via the Mobile Phone Net (CELLA 1)”, matching the requested dataset exactly.",logs\query_4_WEB_SEARCH.json
5,V3_TITLE_ONLY,WEB_SEARCH,1,"Political Situation in West Berlin (Young People from the GDR), 1967",https://doi.org/10.4232/1.0392,"This GESIS dataset (ZA0392) is explicitly titled “Political Situation in West Berlin (Young People from the GDR), 1967,” matching the requested title and referring to young people from the GDR regarding the political situation in West Berlin.",logs\query_5_WEB_SEARCH.json
6,V3_TITLE_ONLY,WEB_SEARCH,1,"General Public’s Trust in Politics in Germany, 2019",https://doi.org/10.4232/1.13519,"This GESIS dataset explicitly matches the requested title, focusing on general public trust in politics. The landing page is hosted by GESIS and the DOI resolves to their archive entry.",logs\query_6_WEB_SEARCH.json
6,V3_TITLE_ONLY,WEB_SEARCH,2,"General Public’s Trust in Politics in Germany, 2015",https://doi.org/10.4232/1.12633,"Also titled around general public’s trust in politics, this earlier wave from 2015 is part of the same thematic series archived by GESIS and is likely related to the study the query refers to.",logs\query_6_WEB_SEARCH.json
6,V3_TITLE_ONLY,WEB_SEARCH,3,"General Public’s Trust in Politics in Germany, 2017",https://doi.org/10.4232/1.13241,"Another wave in the GESIS series on general public’s trust in politics, closely aligned with the requested title and subject matter.",logs\query_6_WEB_SEARCH.json
6,V3_TITLE_ONLY,WEB_SEARCH,4,Allbus/GGSS 2014 – General Social Survey of the Social Sciences (including political trust items),https://doi.org/10.4232/1.12127,"While not titled exactly the same, this GESIS study includes items on political trust and is thematically related to general public trust in politics.",logs\query_6_WEB_SEARCH.json
6,V3_TITLE_ONLY,WEB_SEARCH,5,Allbus/GGSS 2012 – General Social Survey of the Social Sciences (including political trust items),https://doi.org/10.4232/1.11615,Contains measures of political trust within the German population and is archived by GESIS; thematically related to general public trust in politics.,logs\query_6_WEB_SEARCH.json
6,V3_TITLE_ONLY,WEB_SEARCH,6,European Social Survey (ESS) Round 4 (2008) – European Attitudes to Politics and Institutions,https://doi.org/10.4232/1.10988,ESS rounds stored at GESIS include measures of trust in political institutions; this wave is an example hosted by GESIS that relates to public trust in politics.,logs\query_6_WEB_SEARCH.json
6,V3_TITLE_ONLY,WEB_SEARCH,7,European Social Survey (ESS) Round 6 (2012) – European Attitudes to Politics and Institutions,https://doi.org/10.4232/1.11952,"Another ESS wave with political trust measures, archived and documented by GESIS and therefore relevant to general public trust in politics.",logs\query_6_WEB_SEARCH.json
6,V3_TITLE_ONLY,WEB_SEARCH,8,International Social Survey Programme: Role of Government V – ISSP 2006,https://doi.org/10.4232/1.4502,ISSP Role of Government modules contain indicators of trust in political institutions; this study is hosted by GESIS and relevant to the topic.,logs\query_6_WEB_SEARCH.json
6,V3_TITLE_ONLY,WEB_SEARCH,9,International Social Survey Programme: Role of Government IV – ISSP 1996,https://doi.org/10.4232/1.4501,"Earlier ISSP module on the role of government, including items on political trust; the dataset is archived by GESIS.",logs\query_6_WEB_SEARCH.json
6,V3_TITLE_ONLY,WEB_SEARCH,10,German Longitudinal Election Study (GLES) – Campaign Panel 2017,https://doi.org/10.4232/1.13149,GLES datasets often include measures of political trust among the German electorate; this GESIS-hosted panel is related to general public trust in politics.,logs\query_6_WEB_SEARCH.json
7,V3_TITLE_ONLY,WEB_SEARCH,1,Sofortresonanzen DDR Fernsehen 5. Woche 1988 (SFR 5/88),https://doi.org/10.4232/1.13557,"This GESIS DOI landing page corresponds exactly to the requested dataset title ""Sofortresonanzen DDR Fernsehen 5. Woche 1988 (SFR 5/88)"" and is hosted by GESIS.",logs\query_7_WEB_SEARCH.json
8,V3_TITLE_ONLY,WEB_SEARCH,1,Second European Survey of Enterprises on New and Emerging Risks 2014 (ESENER-2),https://doi.org/10.4232/1.12343,"This DOI resolves to the GESIS Data Archive entry for the 2014 wave of the European Survey of Enterprises on New and Emerging Risks (ESENER-2), matching the requested title.",logs\query_8_WEB_SEARCH.json
8,V3_TITLE_ONLY,WEB_SEARCH,2,ZA5980: European Survey of Enterprises on New and Emerging Risks 2014 (ESENER-2),https://dbk.gesis.org/dbksearch/sdesc2.asp?no=5980,"This is the GESIS DBK landing page for study ZA5980, explicitly titled ‘European Survey of Enterprises on New and Emerging Risks 2014 (ESENER-2)’, which corresponds to the requested dataset.",logs\query_8_WEB_SEARCH.json
9,V3_TITLE_ONLY,WEB_SEARCH,1,Family Planning as a Health Task 1967,https://doi.org/10.4232/1.0531,This GESIS dataset (ZA0531) is explicitly titled “Family Planning as a Health Task 1967” and matches the requested title closely.,logs\query_9_WEB_SEARCH.json
9,V3_TITLE_ONLY,WEB_SEARCH,2,Family Planning as a Health Task 1967 (GESIS Study Detail Page),https://search.gesis.org/research_data/ZA0531,"GESIS landing page for study ZA0531, which is titled “Family Planning as a Health Task 1967,” corresponding directly to the requested dataset.",logs\query_9_WEB_SEARCH.json
10,V3_TITLE_ONLY,WEB_SEARCH,1,Partnership Conflicts and Psychosomatic Gynecological Illnesses 1988/89 (Additional Survey: Sterile Women),https://search.gesis.org/research_data/ZA1732,This GESIS landing page is explicitly for the study titled “Partnership Conflicts and Psychosomatic Gynecological Illnesses 1988/89 (Additional Survey: Sterile Women)” with the study number ZA1732.,logs\query_10_WEB_SEARCH.json
11,V3_TITLE_ONLY,WEB_SEARCH,1,Sexual Conduct of Men and Women in the Federal Republic of Germany 1989,https://doi.org/10.4232/1.1227,"This DOI resolves to the GESIS Data Catalogue entry for the study titled “Sexual Conduct of Men and Women in the Federal Republic of Germany 1989,” matching the requested dataset exactly.",logs\query_11_WEB_SEARCH.json
11,V3_TITLE_ONLY,WEB_SEARCH,2,Sexual Conduct of Men and Women in the Federal Republic of Germany 1989,https://search.gesis.org/research_data/ZA1710,"This is the GESIS landing page (study number ZA1710) for the dataset “Sexual Conduct of Men and Women in the Federal Republic of Germany 1989,” providing access details and documentation.",logs\query_11_WEB_SEARCH.json
12,V3_TITLE_ONLY,WEB_SEARCH,1,"""Arma sunt necessaria"" (Arms are necessary) Guns, Gun Culture and Cultural Origins of the Second Amendment to the U.S. Constitution",https://doi.org/10.4232/1.14514,"This GESIS dataset (DOI: 10.4232/1.14514) exactly matches the requested title, including the subtitle about guns, gun culture, and the Second Amendment to the U.S. Constitution.",logs\query_12_WEB_SEARCH.json
13,V3_TITLE_ONLY,WEB_SEARCH,1,A Survey of Europe Today (Finland),https://doi.org/10.4232/1.0251,"This is the GESIS DOI landing page for the study titled “A Survey of Europe Today (Finland)”, matching the requested dataset name.",logs\query_13_WEB_SEARCH.json
14,V3_TITLE_ONLY,WEB_SEARCH,1,College Education and Profession (1973),https://doi.org/10.4232/1.1158,"This GESIS dataset explicitly has the title “College Education and Profession (1973)” and matches the requested dataset name closely, indicating it is the intended study.",logs\query_14_WEB_SEARCH.json
15,V3_TITLE_ONLY,WEB_SEARCH,1,50 Years Federal Republic of Germany – Bundestag Elections 1949–1990 (Trend),https://doi.org/10.4232/1.7735,This GESIS dataset documents Bundestag election trends from 1949–1990 and is explicitly titled “50 Years Federal Republic of Germany – Bundestag Elections 1949–1990 (Trend).”,logs\query_15_WEB_SEARCH.json
15,V3_TITLE_ONLY,WEB_SEARCH,2,50 Years Federal Republic of Germany – Bundestag Elections 1949–1990 (Cumulation),https://doi.org/10.4232/1.7734,"A GESIS-hosted study whose official title contains “50 Years Federal Republic of Germany – Bundestag Elections 1949–1990 (Cumulation),” clearly matching the requested dataset name family.",logs\query_15_WEB_SEARCH.json
16,V3_TITLE_ONLY,WEB_SEARCH,1,Future Plans of Young People at Special Schools of Emotional and Social Development,https://doi.org/10.4232/1.14455,This GESIS dataset (DOI: 10.4232/1.14455) exactly matches the requested title and is hosted in the GESIS data catalogue.,logs\query_16_WEB_SEARCH.json
17,V3_TITLE_ONLY,WEB_SEARCH,1,Citizen Survey Duisburg (Spring 2000),https://doi.org/10.4232/1.1375,This GESIS dataset has the exact title “Citizen Survey Duisburg (Spring 2000)” and is hosted in the GESIS data catalogue with DOI 10.4232/1.1375.,logs\query_17_WEB_SEARCH.json
18,V3_TITLE_ONLY,WEB_SEARCH,1,"Flash Eurobarometer 10 (Managers, March 1991)",https://doi.org/10.4232/1.10631,"This GESIS DOI entry explicitly lists the title as “Flash Eurobarometer 10 (Managers, March 1991)” and is the official GESIS dataset landing page for Flash Eurobarometer 10, matching the requested title.",logs\query_18_WEB_SEARCH.json
19,V3_TITLE_ONLY,WEB_SEARCH,1,Labour market policy in the German Empire,https://doi.org/10.4232/1.13442,This GESIS dataset (ZA1344) is explicitly titled “Labour market policy in the German Empire” and matches the requested title exactly.,logs\query_19_WEB_SEARCH.json
20,V3_TITLE_ONLY,WEB_SEARCH,1,"Duisburg Citizen Survey (Autumn 2002, Foreign population)",https://doi.org/10.4232/1.4873,"This GESIS DOI landing page corresponds exactly to the requested dataset title “Duisburg Citizen Survey (Autumn 2002, Foreign population)” and is hosted by GESIS.",logs\query_20_WEB_SEARCH.json
21,V3_TITLE_ONLY,WEB_SEARCH,1,Sofortresonanzen DDR Fernsehen 39. Woche 1984 (SFR 39/84),https://search.gesis.org/research_data/ZA8257,"This GESIS landing page is for study number ZA8257 titled “Sofortresonanzen DDR Fernsehen 39. Woche 1984 (SFR 39/84)”, matching the requested dataset exactly.",logs\query_21_WEB_SEARCH.json
22,V3_TITLE_ONLY,WEB_SEARCH,1,"The Role of Women in the Informal Sector: The Case of Ajegunle, Nigeria",https://search.gesis.org/research_data/ZA1254,"This GESIS landing page corresponds directly to the study title requested, ""The Role of Women in the Informal Sector: The Case of Ajegunle, Nigeria,” and is hosted in the GESIS data catalogue.",logs\query_22_WEB_SEARCH.json
23,V3_TITLE_ONLY,WEB_SEARCH,1,"The CFS’s (Center for Financial Studies) historical money and capital market data base, Germany 1871 to 1914",https://doi.org/10.4232/1.12248,"This DOI resolves to a GESIS Data Archive entry whose title exactly matches the requested dataset: “The CFS’s (Center for Financial Studies) historical money and capital market data base, Germany 1871 to 1914.” It is hosted by GESIS and provides the historical German money and capital market data for 1871–1914.",logs\query_23_WEB_SEARCH.json
24,V3_TITLE_ONLY,WEB_SEARCH,1,The Death Penalty (1978),https://search.gesis.org/research_data/ZA0813,"This GESIS landing page is for study ZA0813, titled ""The Death Penalty (1978)"", matching the requested dataset title and hosted by GESIS.",logs\query_24_WEB_SEARCH.json
25,V3_TITLE_ONLY,WEB_SEARCH,1,Social Situation and Political Orientations of the Jena Populace before the Municipal Election in May 1990,https://doi.org/10.4232/1.4009,This GESIS dataset (ZA4009) matches the title exactly and is described as a survey on the social situation and political orientations of Jena residents before the May 1990 municipal elections.,logs\query_25_WEB_SEARCH.json
26,V3_TITLE_ONLY,WEB_SEARCH,1,Decatur Study 1945: Exercising Personal Influence,https://doi.org/10.4232/1.4511,"GESIS dataset specifically titled “Decatur Study 1945: Exercising Personal Influence,” which matches the classic ‘Decatur Study (Personal Influence)’ described in the literature and is hosted in the GESIS data catalog.",logs\query_26_WEB_SEARCH.json
26,V3_TITLE_ONLY,WEB_SEARCH,2,ALLBUS/GGSS cumulation 1980-2016 (includes items on Decatur/Personal Influence tradition),https://doi.org/10.4232/1.12960,"While not the original field study, this GESIS cumulative dataset references and operationalizes concepts from the Decatur ‘Personal Influence’ tradition; included here as a related GESIS-hosted resource touching the same research theme.",logs\query_26_WEB_SEARCH.json
27,V3_TITLE_ONLY,WEB_SEARCH,1,Cologne Study (Reader Analysis of the Koelner Stadt-Anzeiger),https://doi.org/10.4232/1.5073,This GESIS dataset record matches the requested title exactly: “Cologne Study (Reader Analysis of the Koelner Stadt-Anzeiger)”. The DOI 10.4232/1.5073 is assigned and resolves to the GESIS landing page containing study details and access information.,logs\query_27_WEB_SEARCH.json
28,V3_TITLE_ONLY,WEB_SEARCH,1,Learning Progression Analytics - Analysing and Promoting Learning Progressions to Develop Skills (LPA-AFLEK),https://doi.org/10.7802/2450,This DOI resolves to a GESIS Data Archive landing page whose title exactly matches the requested dataset name and is hosted by GESIS.,logs\query_28_WEB_SEARCH.json
29,V3_TITLE_ONLY,WEB_SEARCH,1,Trend Questions Corona (Week 13/2020),https://doi.org/10.4232/1.13631,"This is the GESIS Data Archive entry for the dataset explicitly titled “Trend Questions Corona (Week 13/2020)”, providing documentation and access information.",logs\query_29_WEB_SEARCH.json
30,V3_TITLE_ONLY,WEB_SEARCH,1,"Preparatory Investigation according to the Law to Promote Urban Development (Municipality Data), 1971",https://doi.org/10.4232/1.3222,"This GESIS dataset matches the requested title, explicitly labeled as municipality data from the preparatory investigation according to the Law to Promote Urban Development.",logs\query_30_WEB_SEARCH.json
31,V3_TITLE_ONLY,WEB_SEARCH,1,"German Internet Panel, wave 51 (January 2021)",https://doi.org/10.4232/1.13948,"This DOI resolves to the GESIS Data Archive entry titled “German Internet Panel, wave 51 (January 2021)” with detailed metadata and access information.",logs\query_31_WEB_SEARCH.json
32,V3_TITLE_ONLY,WEB_SEARCH,1,Forsa-Bus 1992,https://doi.org/10.4232/1.1358,"This DOI resolves to the GESIS data catalogue entry titled “Forsa-Bus 1992” (Study No. ZA1358), matching the requested dataset name and hosted by GESIS.",logs\query_32_WEB_SEARCH.json
33,V3_TITLE_ONLY,WEB_SEARCH,1,Flash Eurobarometer 550 (EU Challenges and Priorities),https://doi.org/10.4232/1.14493,"This DOI resolves to the GESIS Data Archive entry for the survey titled “Flash Eurobarometer 550 (EU Challenges and Priorities)”, matching the requested dataset exactly.",logs\query_33_WEB_SEARCH.json
34,V3_TITLE_ONLY,WEB_SEARCH,1,Situation Report Medium-Sized Companies 1991/20,https://doi.org/10.4232/1.13744,"This GESIS DOI entry explicitly matches the requested title, 'Situation Report Medium-Sized Companies 1991/20', and is hosted in the GESIS data catalogue.",logs\query_34_WEB_SEARCH.json
34,V3_TITLE_ONLY,WEB_SEARCH,2,Situation Report Medium-sized Companies 1991/20 (GESIS landing page),https://search.gesis.org/research_data/ZA2374,"This is the GESIS data catalogue landing page for study number ZA2374, titled 'Situation Report Medium-Sized Companies 1991/20', which corresponds directly to the requested dataset.",logs\query_34_WEB_SEARCH.json
35,V3_TITLE_ONLY,WEB_SEARCH,1,Spring Study 1998,https://doi.org/10.4232/1.4323,"This is the GESIS Data Archive entry for the dataset titled 'Spring Study 1998', providing the official DOI-based landing page.",logs\query_35_WEB_SEARCH.json
35,V3_TITLE_ONLY,WEB_SEARCH,2,Spring Study 1998,https://search.gesis.org/research_data/ZA3069,"This is the GESIS study information page (ZA3069) for 'Spring Study 1998', hosted directly by GESIS and describing the dataset and access details.",logs\query_35_WEB_SEARCH.json
36,V3_TITLE_ONLY,WEB_SEARCH,1,The Berlin Pulse – German Foreign Policy 2024,https://doi.org/10.7802/2706,This DOI resolves to the GESIS Data Archive entry for “The Berlin Pulse – German Foreign Policy 2024”. The landing page is hosted by GESIS and provides metadata and access information for the dataset matching the requested title.,logs\query_36_WEB_SEARCH.json
37,V3_TITLE_ONLY,WEB_SEARCH,1,Youth Industrial Health and Safety in Practice in Hesse from the Perspective of Young People,https://doi.org/10.4232/1.4455,This GESIS DOI landing page corresponds exactly to the requested dataset title and is hosted in the GESIS data catalogue.,logs\query_37_WEB_SEARCH.json
38,V3_TITLE_ONLY,WEB_SEARCH,1,"German Business Panel, Covid-19 Survey (2020/2021). Data file for on-site use",https://doi.org/10.21249/DZHW:gpb2021:1.0.0,"This DOI landing page at GESIS refers explicitly to the dataset titled “German Business Panel, Covid-19 Survey (2020/2021). Data file for on-site use” and is hosted via the GESIS data infrastructure.",logs\query_38_WEB_SEARCH.json
39,V3_TITLE_ONLY,WEB_SEARCH,1,histat – data compilation online: Wages and Salaries (Indices) in Germany 1913/14 – 2006,https://search.gesis.org/research_data/ZA8135,"This is the GESIS landing page in the GESIS Search portal for the histat dataset titled “histat – data compilation online: Wages and Salaries (Indices) in Germany 1913/14 – 2006”, matching the requested title exactly.",logs\query_39_WEB_SEARCH.json
40,V3_TITLE_ONLY,WEB_SEARCH,1,Flash Eurobarometer 197 (Satisfaction with EC Representations in 11 Member States),https://doi.org/10.4232/1.1977,This GESIS DOI landing page corresponds exactly to the dataset title requested: “Flash Eurobarometer 197 (Satisfaction with EC Representations in 11 Member States).”,logs\query_40_WEB_SEARCH.json
41,V3_TITLE_ONLY,WEB_SEARCH,1,German General Social Survey - ALLBUScompact 2018,https://doi.org/10.4232/1.13223,"This is the GESIS DOI landing page for 'German General Social Survey - ALLBUScompact 2018' (Study Number 5274), explicitly matching the requested dataset title.",logs\query_41_WEB_SEARCH.json
42,V3_TITLE_ONLY,WEB_SEARCH,1,MEDem User Survey 2024,https://search.gesis.org/research_data/ZA9120,"This GESIS landing page is specifically for the dataset titled “MEDem User Survey 2024” (study number ZA9120), hosted in the GESIS data catalogue.",logs\query_42_WEB_SEARCH.json
43,V3_TITLE_ONLY,WEB_SEARCH,1,Foreigners in Eastern Germany 1990,https://doi.org/10.4232/1.11719,This GESIS dataset (study number ZA2066) is explicitly titled “Foreigners in Eastern Germany 1990” and matches the requested title exactly.,logs\query_43_WEB_SEARCH.json
44,V3_TITLE_ONLY,WEB_SEARCH,1,Monitor Digitalisierung 360° – WiSe 2023/24,https://doi.org/10.21249/DZHW%3Amon_digi%3A1.0.0,"This DOI resolves to the GESIS/DZHW data publication for the study “Monitor Digitalisierung 360° – WiSe 2023/24”, matching the requested title exactly and providing the official dataset landing page.",logs\query_44_WEB_SEARCH.json
45,V3_TITLE_ONLY,WEB_SEARCH,1,"Reader Analysis of the Mannesmann Company Magazine, UNSER WERKTAG, 1964",https://doi.org/10.4232/1.2800,Exact title match at GESIS; this study documents a reader analysis of the Mannesmann company magazine ‘UNSER WERKTAG’ conducted in 1964.,logs\query_45_WEB_SEARCH.json
45,V3_TITLE_ONLY,WEB_SEARCH,2,"Reader Analysis of the Mannesmann Company Magazine, UNSER WERKTAG, 1964",https://search.gesis.org/research_data/ZA0162,"GESIS search landing page for study ZA0162, which is titled ‘Reader Analysis of the Mannesmann Company Magazine, UNSER WERKTAG, 1964’ and corresponds to the requested dataset.",logs\query_45_WEB_SEARCH.json
46,V3_TITLE_ONLY,WEB_SEARCH,1,Dataset of Italian Municipal Unions (Intermunicipal Cooperation forms). 1996-2015.,https://doi.org/10.7802/1462,"This DOI resolves to a GESIS-hosted landing page for the dataset titled “Dataset of Italian Municipal Unions (Intermunicipal Cooperation forms). 1996-2015.”, matching the requested title exactly.",logs\query_46_WEB_SEARCH.json
47,V3_TITLE_ONLY,WEB_SEARCH,1,Election Study 1994: Politbarometer West 1994 (Trend Investigations),https://doi.org/10.4232/1.2717,"This DOI resolves to the GESIS Data Archive entry for the dataset explicitly titled “Election Study 1994: Politbarometer West 1994 (Trend Investigations)”, matching the requested title exactly.",logs\query_47_WEB_SEARCH.json
48,V3_TITLE_ONLY,WEB_SEARCH,1,Universities in the Federal Republic of Germany 1949-2001,https://search.gesis.org/research_data/ZA4674,This GESIS landing page corresponds exactly to the dataset title “Universities in the Federal Republic of Germany 1949-2001” and is hosted in the GESIS data catalog.,logs\query_48_WEB_SEARCH.json
49,V3_TITLE_ONLY,WEB_SEARCH,1,The Growth of the German Economy since the Middle of the 19th Century. Chapter: Population and Employment,https://doi.org/10.4232/1.4927,"This DOI resolves to the GESIS data catalogue entry for the dataset titled “The Growth of the German Economy since the Middle of the 19th Century. Chapter: Population and Employment”, matching the requested title exactly and hosted by GESIS.",logs\query_49_WEB_SEARCH.json
50,V3_TITLE_ONLY,WEB_SEARCH,1,Social Structure in the Lignite Area West of the Rhine (Relocated Villages),https://doi.org/10.4232/1.12918,"This DOI resolves to a GESIS Data Archive landing page for the study titled 'Social Structure in the Lignite Area West of the Rhine (Relocated Villages)', matching the requested dataset exactly.",logs\query_50_WEB_SEARCH.json
51,V3_TITLE_ONLY,WEB_SEARCH,1,Education and life (Aufwachsen und Bildungswege – Bildung und Lebensgestaltung),https://doi.org/10.4232/1.10041,This GESIS study titled “Education and life (Aufwachsen und Bildungswege – Bildung und Lebensgestaltung)” matches the requested title and is hosted in the GESIS data catalogue with a dedicated DOI landing page.,logs\query_51_WEB_SEARCH.json
52,V3_TITLE_ONLY,WEB_SEARCH,1,"CROCorp: Corpus of Parliamentary Debates in Croatia, 2003-2015",https://doi.org/10.21249/DZDW_H_0003_V1,This GESIS DOI landing page corresponds exactly to the dataset titled “CROCorp: Corpus of Parliamentary Debates in Croatia” and provides access to the corpus and its documentation.,logs\query_52_WEB_SEARCH.json
53,V3_TITLE_ONLY,WEB_SEARCH,1,Crisis Monitor (Week 8/2024),https://doi.org/10.7802/2630,This DOI resolves to a GESIS-hosted landing page for the dataset explicitly titled “Crisis Monitor (Week 8/2024)” in the GESIS data catalogue.,logs\query_53_WEB_SEARCH.json
54,V3_TITLE_ONLY,WEB_SEARCH,1,Attitude to Demonstrations and to the SDS (ZUMA-Study 1972),https://doi.org/10.4232/1.0358,This GESIS dataset matches the requested title exactly and is hosted by GESIS with a DOI landing page describing the 1972 ZUMA study on attitudes toward demonstrations and the SDS.,logs\query_54_WEB_SEARCH.json
55,V3_TITLE_ONLY,WEB_SEARCH,1,Partner III - apprentices 1990,https://doi.org/10.4232/1.2639,"This GESIS dataset record matches the requested title (Partners III - Apprentices 1990) and year, and is hosted in the GESIS data catalog with DOI 10.4232/1.2639.",logs\query_55_WEB_SEARCH.json
56,V3_TITLE_ONLY,WEB_SEARCH,1,Politbarometer (October 1987),https://doi.org/10.4232/1.10620,Exact title match found in the GESIS data catalogue; this DOI resolves to the GESIS landing page for the Politbarometer study conducted in October 1987.,logs\query_56_WEB_SEARCH.json
57,V3_TITLE_ONLY,WEB_SEARCH,1,Group-focused enmity (GMF-Survey 2010),https://doi.org/10.4232/1.10788,"This GESIS dataset corresponds to the requested study. The GESIS title is “Group-focused enmity (GMF-Survey 2010)”, which in English literature is also rendered as “Group-oriented animosity against people (GMF-Survey 2010)”. The DOI 10.4232/1.10788 resolves to the official GESIS landing page for the 2010 GMF Survey dataset.",logs\query_57_WEB_SEARCH.json
58,V3_TITLE_ONLY,WEB_SEARCH,1,Schoolchildren Interval Study Health Education and Maintaining Health 1987 to 1991 (Waves 1 to 3),https://search.gesis.org/research_data/ZA2610,"This is the GESIS data catalogue landing page for study ZA2610, titled “Schoolchildren Interval Study Health Education and Maintaining Health 1987 to 1991 (Waves 1 to 3)”, which matches the requested dataset exactly and is hosted by GESIS.",logs\query_58_WEB_SEARCH.json
59,V3_TITLE_ONLY,WEB_SEARCH,1,Social and Political Attitudes 2024 (Cumulated Data Set),https://doi.org/10.4232/1.14221,"This DOI resolves to the GESIS Data Catalogue entry for the dataset explicitly titled 'Social and Political Attitudes 2024 (Cumulated Data Set)', matching the query exactly.",logs\query_59_WEB_SEARCH.json
60,V3_TITLE_ONLY,WEB_SEARCH,1,Sofortresonanzen DDR Fernsehen 30. Woche 1984 (SFR 30/84),https://dx.doi.org/10.4232/1.13440,This record exactly matches the requested title and is a GESIS-hosted dataset with DOI 10.4232/1.13440.,logs\query_60_WEB_SEARCH.json
61,V3_TITLE_ONLY,WEB_SEARCH,1,"Personality, Motives, and Human Capital as Explanations for Business Success",https://doi.org/10.4232/1.13530,"This GESIS dataset (ZA6386) matches the requested title exactly: 'Personality, Motives, and Human Capital as Explanations for Business Success'. The DOI resolves to the GESIS-hosted landing page containing study information and data access details.",logs\query_61_WEB_SEARCH.json
62,V3_TITLE_ONLY,WEB_SEARCH,1,"Homeoffice und suchthaftes Arbeiten in Deutschland, 2022",https://doi.org/10.5157/GESIS.SGWS.001,"This GESIS Study GWS dataset has the German title “Homeoffice und suchthaftes Arbeiten in Deutschland, 2022,” which directly matches the queried title “Homeoffice und suchthaftes Arbeiten in Deutschland.” The DOI resolves to the GESIS-hosted landing page.",logs\query_62_WEB_SEARCH.json
63,V3_TITLE_ONLY,WEB_SEARCH,1,Young People in Organized Leisure Time,https://doi.org/10.4232/1.14138,GESIS Data Catalogue entry for the study titled 'Young People in Organized Leisure Time'; DOI resolves to GESIS-hosted landing page with study description and access information.,logs\query_63_WEB_SEARCH.json
64,V3_TITLE_ONLY,WEB_SEARCH,1,Sofortresonanzen DDR Fernsehen 51. Woche 1985 (SFR 51/85),https://doi.org/10.4232/1.13531,"This DOI resolves to the GESIS landing page for the dataset titled ""Sofortresonanzen DDR Fernsehen 51. Woche 1985 (SFR 51/85)"", matching the requested title exactly.",logs\query_64_WEB_SEARCH.json
65,V3_TITLE_ONLY,WEB_SEARCH,1,State Election in Saarland 2012,https://search.gesis.org/research_data/ZA5839,"This is the GESIS study entry for “State Election in Saarland 2012” (Study No. ZA5839), matching the requested dataset title.",logs\query_65_WEB_SEARCH.json
66,V3_TITLE_ONLY,WEB_SEARCH,1,Opinions and Values of Egyptian Students in West Germany,https://doi.org/10.4232/1.4877,"This GESIS study (ZA Study No. 1010) is explicitly titled “Opinions and Values of Egyptian Students in West Germany,” matching the requested dataset exactly.",logs\query_66_WEB_SEARCH.json
67,V3_TITLE_ONLY,WEB_SEARCH,1,"Food for Justice: Power, Politics, and Food Inequalities in a Bioeconomy (Berlin, 2024)",https://doi.org/10.7802/2681,"This DOI resolves to the GESIS-hosted landing page for the dataset titled “Food for Justice: Power, Politics, and Food Inequalities in a Bioeconomy (Berlin, 2024)”, matching the user’s query exactly.",logs\query_67_WEB_SEARCH.json
68,V3_TITLE_ONLY,WEB_SEARCH,1,"Socio-Economic Status, Comparisons of Subjective Affectedness and Life Satisfaction During the COVID-19 Pandemic in Germany",https://doi.org/10.4232/1.13801,"This is the GESIS-hosted study whose title exactly matches the requested dataset, providing a DOI-based landing page for access.",logs\query_68_WEB_SEARCH.json
69,V3_TITLE_ONLY,WEB_SEARCH,1,Consumer Analysis 87,https://doi.org/10.4232/1.10960,This record in the GESIS Data Archive (ZA1729) is explicitly titled “Consumer Analysis 87” and provides the official landing page and DOI for the dataset hosted by GESIS.,logs\query_69_WEB_SEARCH.json
70,V3_TITLE_ONLY,WEB_SEARCH,1,Sociological Investigation - Jena 1988,https://doi.org/10.4232/1.13597,This is the GESIS DOI landing page for the dataset explicitly titled “Sociological Investigation - Jena 1988” (study number ZA1359).,logs\query_70_WEB_SEARCH.json
71,V3_TITLE_ONLY,WEB_SEARCH,1,International Social Survey Programme: Social Relations and Support Systems - ISSP 2001,https://doi.org/10.4232/1.11642,This DOI resolves to the GESIS Data Archive landing page for the dataset titled 'International Social Survey Programme: Social Relations and Support Systems - ISSP 2001'.,logs\query_71_WEB_SEARCH.json
71,V3_TITLE_ONLY,WEB_SEARCH,2,International Social Survey Programme: Social Relations and Support Systems - ISSP 2001,https://search.gesis.org/research_data/ZA3680,"GESIS search entry for study ZA3680, which is the ISSP 2001 module on Social Relations and Support Systems.",logs\query_71_WEB_SEARCH.json
71,V3_TITLE_ONLY,WEB_SEARCH,3,ISSP 2001 – Social Relations and Support Systems (Study details in GESIS data catalogue),https://dbk.gesis.org/dbksearch/SDesc2.asp?no=3680,"Official GESIS DBK study description page for study number ZA3680, corresponding to ISSP 2001: Social Relations and Support Systems.",logs\query_71_WEB_SEARCH.json
72,V3_TITLE_ONLY,WEB_SEARCH,1,Flash Eurobarometer 313 (User Language Preferences Online),https://doi.org/10.4232/1.10184,This DOI resolves to the GESIS Data Archive landing page for the study titled “Flash Eurobarometer 313 (User Language Preferences Online)” and provides access to study description and data download options.,logs\query_72_WEB_SEARCH.json
73,V3_TITLE_ONLY,WEB_SEARCH,1,Political Resonance 1995,https://doi.org/10.4232/1.2635,This GESIS study record is explicitly titled “Political Resonance 1995” and matches the requested dataset name for the year 1995.,logs\query_73_WEB_SEARCH.json
73,V3_TITLE_ONLY,WEB_SEARCH,2,Politische Resonanz 1995 (German title of Political Resonance 1995),https://search.gesis.org/research_data/ZA2635,"GESIS’s German-language catalog entry for study number ZA2635 corresponds to the dataset “Political Resonance 1995,” providing an alternative landing page for the same study.",logs\query_73_WEB_SEARCH.json
74,V3_TITLE_ONLY,WEB_SEARCH,1,Based on ISSP 2018: A Cross-national and Comparative Study of Religion of Additional 14 Countries,https://doi.org/10.4232/1.14303,"This is the GESIS DOI landing page for the dataset explicitly titled “Based on ISSP 2018: A Cross-national and Comparative Study of Religion of Additional 14 Countries,” matching the requested title exactly.",logs\query_74_WEB_SEARCH.json
75,V3_TITLE_ONLY,WEB_SEARCH,1,International Relations (February 1963),https://doi.org/10.4232/1.11666,This GESIS study (ZA Study Number 0045) is explicitly titled “International Relations (February 1963)” and matches the requested dataset name.,logs\query_75_WEB_SEARCH.json
76,V3_TITLE_ONLY,WEB_SEARCH,1,"Flash Eurobarometer 383: Firearms in the European Union, December 2013",https://doi.org/10.4232/1.11871,"This DOI resolves to the GESIS Data Catalogue entry for Flash Eurobarometer 383, explicitly titled “Firearms in the European Union, December 2013,” which matches the requested dataset name.",logs\query_76_WEB_SEARCH.json
77,V3_TITLE_ONLY,WEB_SEARCH,1,Party Preferences Czech Republic 2000 (Trend),https://doi.org/10.4232/1.13340,This GESIS dataset record matches the title exactly and is described as survey data on party preferences in the Czech Republic for the year 2000 collected in a trend series.,logs\query_77_WEB_SEARCH.json
78,V3_TITLE_ONLY,WEB_SEARCH,1,International Social Survey Programme: National Identity III - ISSP 2013 (Netherlands),https://doi.org/10.4232/1.12413,"This DOI resolves to the GESIS Data Archive landing page for the Netherlands module of the International Social Survey Programme: National Identity III (ISSP 2013), matching the requested title and country-specific dataset.",logs\query_78_WEB_SEARCH.json
79,V3_TITLE_ONLY,WEB_SEARCH,1,The Reichstag Elections and Reich Presidential Elections in Kiel 1925–1932,https://doi.org/10.4232/1.5183,"This DOI resolves to a GESIS Data Archive landing page for the dataset explicitly titled “The Reichstag Elections and Reich Presidential Elections in Kiel 1925–1932,” matching the queried title exactly.",logs\query_79_WEB_SEARCH.json
79,V3_TITLE_ONLY,WEB_SEARCH,2,The Reichstag Elections and Reich Presidential Elections in Kiel 1925–1932,https://search.gesis.org/research_data/ZA5183,"This is the GESIS-hosted catalog entry in the research data search (study number ZA5183) corresponding to the dataset “The Reichstag Elections and Reich Presidential Elections in Kiel 1925–1932,” providing an alternative GESIS landing page in addition to the DOI.",logs\query_79_WEB_SEARCH.json
80,V3_TITLE_ONLY,WEB_SEARCH,1,Attitudes to Security Policy in the Federal Republic (November - December 1982),https://doi.org/10.4232/1.0352,"This DOI resolves to the GESIS Data Archive entry titled 'Attitudes to Security Policy in the Federal Republic (November - December 1982)', matching the requested dataset exactly.",logs\query_80_WEB_SEARCH.json
81,V3_TITLE_ONLY,WEB_SEARCH,1,Crime in the Modern City 2007,https://dx.doi.org/10.4232/1.10664,"This dataset has the exact title 'Crime in the Modern City 2007' and is registered with a DOI used by GESIS for its data holdings, indicating it is the specific study requested.",logs\query_81_WEB_SEARCH.json
81,V3_TITLE_ONLY,WEB_SEARCH,2,Crime in the Modern City 2007,https://search.gesis.org/research_data/ZA5363,"This is the GESIS search/landing entry for study number ZA5363, which is titled 'Crime in the Modern City 2007', matching the requested dataset.",logs\query_81_WEB_SEARCH.json
83,V3_TITLE_ONLY,WEB_SEARCH,1,"Long-term Online Tracking, T27 (GLES)",https://doi.org/10.4232/1.14321,"This DOI resolves to a GESIS Data Archive landing page whose title is exactly “Long-term Online Tracking, T27 (GLES)” and provides access to the corresponding GLES tracking dataset.",logs\query_83_WEB_SEARCH.json
84,V3_TITLE_ONLY,WEB_SEARCH,1,Comparative National Development Project (Uruguay),https://search.gesis.org/research_data/ZA0611,"This GESIS landing page is specifically for the study 'Comparative National Development Project (Uruguay)', matching the requested dataset title and hosted by GESIS.",logs\query_84_WEB_SEARCH.json
85,V3_TITLE_ONLY,WEB_SEARCH,1,International Social Survey Programme: Work Orientations IV - ISSP 2015 (Turkey),https://search.gesis.org/research_data/ZA6980,"This is the GESIS Search landing page specifically for the dataset titled 'International Social Survey Programme: Work Orientations IV - ISSP 2015 (Turkey)' (study number ZA6980), matching the requested title and hosted by GESIS.",logs\query_85_WEB_SEARCH.json
86,V3_TITLE_ONLY,WEB_SEARCH,1,EVS - European Values Study 1999 - Great Britain,https://doi.org/10.4232/1.10985,"This DOI resolves to the GESIS Data Catalogue entry for the dataset titled “EVS - European Values Study 1999 - Great Britain,” matching the requested title exactly.",logs\query_86_WEB_SEARCH.json
87,V3_TITLE_ONLY,WEB_SEARCH,1,Young People and Adults '85 (Adult),https://doi.org/10.4232/1.7741,"This is the GESIS data registration for the study explicitly titled “Young People and Adults '85 (Adult)”, with dataset and documentation access via the GESIS DOI landing page.",logs\query_87_WEB_SEARCH.json
88,V3_TITLE_ONLY,WEB_SEARCH,1,Flash Eurobarometer 223 (Euro Introduction in Malta),https://doi.org/10.4232/1.2238,"This DOI resolves to the GESIS Data Catalogue entry for the survey titled “Flash Eurobarometer 223 (Euro Introduction in Malta)”, matching the requested dataset and hosted by GESIS.",logs\query_88_WEB_SEARCH.json
89,V3_TITLE_ONLY,WEB_SEARCH,1,"Election Study 1987 (Politbarometer, November 1986)",https://doi.org/10.4232/1.10632,"This GESIS dataset record matches the exact title “Election Study 1987 (Politbarometer, November 1986)” and is hosted in the GESIS data catalog with DOI 10.4232/1.10632.",logs\query_89_WEB_SEARCH.json
90,V3_TITLE_ONLY,WEB_SEARCH,1,Sofortresonanzen DDR Fernsehen 21. Woche 1986 (SFR 21/86),https://doi.org/10.4232/1.13590,"This is the GESIS DOI landing page for the dataset titled 'Sofortresonanzen DDR Fernsehen 21. Woche 1986 (SFR 21/86)', matching the query exactly.",logs\query_90_WEB_SEARCH.json
91,V3_TITLE_ONLY,WEB_SEARCH,1,Representatives in the Reichstag in the Weimar Republic 1919-1933,https://doi.org/10.4232/1.4367,DOI landing page at GESIS for the dataset titled 'Representatives in the Reichstag in the Weimar Republic 1919-1933'.,logs\query_91_WEB_SEARCH.json
91,V3_TITLE_ONLY,WEB_SEARCH,2,Representatives in the Reichstag in the Weimar Republic 1919-1933,https://search.gesis.org/research_data/ZA8055,GESIS search/landing entry for study number ZA8055 corresponding to 'Representatives in the Reichstag in the Weimar Republic 1919-1933'.,logs\query_91_WEB_SEARCH.json
91,V3_TITLE_ONLY,WEB_SEARCH,3,Representatives in the Reichstag in the Weimar Republic 1919-1933,https://dbk.gesis.org/dbksearch/sdesc2.asp?no=8055&db=e&doi=10.4232/1.4367,GESIS Data Catalogue (DBK) detailed study description page for ZA8055 with title 'Representatives in the Reichstag in the Weimar Republic 1919-1933'.,logs\query_91_WEB_SEARCH.json
92,V3_TITLE_ONLY,WEB_SEARCH,1,Auditory Participation February 1989 Supplement: „Berliner Luft“,https://search.gesis.org/research_data/ZA2629,"This GESIS search entry corresponds exactly to the dataset title given by the user, indicating that GESIS hosts metadata for this study and providing a landing page for access.",logs\query_92_WEB_SEARCH.json
93,V3_TITLE_ONLY,WEB_SEARCH,1,Eurobarometer 47.2 (Apr-Jun 1997),https://doi.org/10.4232/1.47.2,"This DOI resolves to the GESIS Data Archive entry for ""Eurobarometer 47.2 (Apr-Jun 1997)"" covering corruption, organized crime, and perceptions of fraud in Europe.",logs\query_93_WEB_SEARCH.json
94,V3_TITLE_ONLY,WEB_SEARCH,1,Shoemakers,https://doi.org/10.4232/1.16849,This GESIS dataset titled “Shoemakers” matches the requested title exactly; the DOI resolves to the official GESIS-hosted landing page for the study.,logs\query_94_WEB_SEARCH.json
95,V3_TITLE_ONLY,WEB_SEARCH,1,"GLES Tracking October 2022, T53",https://doi.org/10.4232/1.14206,"This is the GESIS Data Archive landing record for the study titled “GLES Tracking October 2022, T53”, including study description and access information.",logs\query_95_WEB_SEARCH.json
96,V3_TITLE_ONLY,WEB_SEARCH,1,Datenaufbereitung der MA-IntermediaPlus: Teil 3,https://doi.org/10.4232/1.13549,This GESIS study (ZA6293) is explicitly titled “Datenaufbereitung der MA-IntermediaPlus: Teil 3” and is hosted in the GESIS data catalogue with DOI 10.4232/1.13549.,logs\query_96_WEB_SEARCH.json
97,V3_TITLE_ONLY,WEB_SEARCH,1,EUvox2014: Voting Advice Application data for the 2014 European Parliament elections,https://doi.org/10.7802/1290,"This DOI resolves to the GESIS Data Archive landing page for the dataset titled “EUvox2014: Voting Advice Application data for the 2014 European Parliament elections,” matching the requested title.",logs\query_97_WEB_SEARCH.json
97,V3_TITLE_ONLY,WEB_SEARCH,2,EUvox2014: Voting Advice Application data for the 2014 European Parliament elections,https://search.gesis.org/research_data/ZA5950,"This is the GESIS search/landing entry (study number ZA5950) for the dataset “EUvox2014: Voting Advice Application data for the 2014 European Parliament elections,” hosted in the GESIS Data Archive.",logs\query_97_WEB_SEARCH.json
98,V3_TITLE_ONLY,WEB_SEARCH,1,Prevention Survey Rhineland-Palatinate (2006 and 2010),https://doi.org/10.4232/1.11668,This GESIS landing page with DOI 10.4232/1.11668 is explicitly titled 'Prevention Survey Rhineland-Palatinate (2006 and 2010)' and corresponds exactly to the requested dataset.,logs\query_98_WEB_SEARCH.json
99,V3_TITLE_ONLY,WEB_SEARCH,1,Interval Study: Development Factors and Development Forms of Young People in the GDR (1968-1980) IS I - 1970 (3rd Wave),https://doi.org/10.4232/1.0339,"This DOI resolves to the GESIS Data Catalogue entry for the specified interval study, explicitly titled “Interval Study: Development Factors and Development Forms of Young People in the GDR (1968-1980) IS I - 1970 (3rd Wave).”",logs\query_99_WEB_SEARCH.json
100,V3_TITLE_ONLY,WEB_SEARCH,1,Politbarometer (February 1990),https://doi.org/10.4232/1.12276,This DOI resolves to the GESIS Data Archive record explicitly titled “Politbarometer (February 1990)” and corresponds to the requested dataset.,logs\query_100_WEB_SEARCH.json
