query_id,query_text,query_variant
1,"[""Social behaviour and attitudes"", ""Political behaviour and attitudes"", ""Government, political systems and organisations"", ""Elections""]",V1_TOPIC
2,"[""Political behaviour and attitudes"", ""Government, political systems and organisations"", ""Elections""]",V1_TOPIC
3,"[""Leisure, tourism and sport"", ""Community, urban and rural life"", ""TRANSPORT AND TRAVEL"", ""Consumption and consumer behaviour""]",V1_TOPIC
4,"[""Conflict, security and peace"", ""International politics and organisations"", ""Political behaviour and attitudes""]",V1_TOPIC
5,"[""Employment"", ""Community, urban and rural life"", ""TRADE, INDUSTRY AND MARKETS"", ""Specific social services: use and availability""]",V1_TOPIC
6,"[""International politics and organisations"", ""POLITICS"", ""Conflict, security and peace"", ""Political behaviour and attitudes"", ""Political ideology""]",V1_TOPIC
7,"[""Reproductive health"", ""Specific diseases, disorders and medical conditions"", ""Family life and marriage""]",V1_TOPIC
8,"[""Higher and further education"", ""Social behaviour and attitudes"", ""Political behaviour and attitudes""]",V1_TOPIC
9,"[""Social conditions and indicators"", ""Political behaviour and attitudes"", ""Youth"", ""Economic systems and development""]",V1_TOPIC
10,"[""Employment"", ""Higher and further education""]",V1_TOPIC
11,"[""Government, political systems and organisations"", ""International politics and organisations"", ""Political behaviour and attitudes""]",V1_TOPIC
12,"[""Economic conditions and indicators"", ""Economic policy, public expenditure and revenue"", ""TRADE, INDUSTRY AND MARKETS"", ""Business/industrial management and organisation""]",V1_TOPIC
13,"[""Crime and law enforcement"", ""Legislation and legal systems"", ""PSYCHOLOGY"", ""Family life and marriage"", ""Community, urban and rural life"", ""Leisure, tourism and sport"", ""Social behaviour and attitudes"", ""Time use"", ""Vocational education and training"", ""Employment""]",V1_TOPIC
14,"[""International politics and organisations"", ""Political behaviour and attitudes""]",V1_TOPIC
15,[],V1_TOPIC
16,"[""Government, political systems and organisations"", ""Political behaviour and attitudes"", ""Political ideology""]",V1_TOPIC
17,"[""Social conditions and indicators"", ""Youth""]",V1_TOPIC
18,"[""Social behaviour and attitudes"", ""Political behaviour and attitudes"", ""Government, political systems and organisations"", ""Equality, inequality and social exclusion""]",V1_TOPIC
19,"[""protest movement"", ""agricultural policy"", ""nutrition policy""]",V1_TOPIC
20,"[""Business/industrial management and organisation"", ""Media""]",V1_TOPIC
21,"[""Employment"", ""Leisure, tourism and sport"", ""Reproductive health"", ""Specific diseases, disorders and medical conditions"", ""Family life and marriage"", ""Gender and gender roles""]",V1_TOPIC
22,"[""LAW, CRIME AND LEGAL SYSTEMS"", ""Crime and law enforcement"", ""International politics and organisations""]",V1_TOPIC
23,"[""Media"", ""POLITICS"", ""Political behaviour and attitudes"", ""Government, political systems and organisations""]",V1_TOPIC
24,"[""Political behaviour and attitudes"", ""SOCIAL STRATIFICATION AND GROUPINGS"", ""Minorities"", ""Equality, inequality and social exclusion"", ""Cultural and national identity""]",V1_TOPIC
25,"[""HISTORY"", ""Income, property and investment/saving""]",V1_TOPIC
26,"[""Religion and values""]",V1_TOPIC
27,"[""Community, urban and rural life""]",V1_TOPIC
28,"[""Higher and further education"", ""Media"", ""International politics and organisations"", ""Political behaviour and attitudes"", ""Government, political systems and organisations"", ""SOCIAL STRATIFICATION AND GROUPINGS""]",V1_TOPIC
29,"[""Business/industrial management and organisation"", ""Economic systems and development""]",V1_TOPIC
30,"[""university"", ""university policy"", ""digitalization"", ""artificial intelligence"", ""university research""]",V1_TOPIC
31,"[""affectedness"", ""epidemic"", ""comparison"", ""reference group"", ""social status"", ""satisfaction with life""]",V1_TOPIC
32,"[""Employment"", ""Cultural activities and participation"", ""Specific diseases, disorders and medical conditions"", ""Media"", ""Political behaviour and attitudes"", ""Government, political systems and organisations"", ""Family life and marriage"", ""Youth""]",V1_TOPIC
33,"[""Working conditions"", ""Occupational health""]",V1_TOPIC
34,"[""Employment"", ""Business/industrial management and organisation"", ""PSYCHOLOGY""]",V1_TOPIC
35,"[""Political behaviour and attitudes"", ""Elections""]",V1_TOPIC
36,"[""Crime and law enforcement""]",V1_TOPIC
37,"[""International politics and organisations"", ""Conflict, security and peace"", ""Government, political systems and organisations"", ""Economic systems and development""]",V1_TOPIC
38,"[""Community, urban and rural life"", ""Land use and planning""]",V1_TOPIC
39,"[""parliamentary debate"", ""Croatia""]",V1_TOPIC
40,"[""Social conditions and indicators"", ""Political behaviour and attitudes"", ""Government, political systems and organisations"", ""Elections""]",V1_TOPIC
41,"[""Employment"", ""TRADE, INDUSTRY AND MARKETS""]",V1_TOPIC
42,"[""MEDIA, COMMUNICATION AND LANGUAGE"", ""Information technology""]",V1_TOPIC
43,"[""Migration"", ""Community, urban and rural life"", ""Government, political systems and organisations""]",V1_TOPIC
44,"[""Employment"", ""Migration"", ""Cultural activities and participation"", ""Equality, inequality and social exclusion"", ""Economic conditions and indicators""]",V1_TOPIC
45,"[""Reproductive health""]",V1_TOPIC
46,"[""Cultural and national identity"", ""Minorities"", ""International politics and organisations"", ""Migration""]",V1_TOPIC
47,"[""Media""]",V1_TOPIC
48,"[""Economic conditions and indicators"", ""Information society"", ""Political behaviour and attitudes"", ""Government, political systems and organisations"", ""Equality, inequality and social exclusion"", ""Cultural and national identity"", ""Social behaviour and attitudes"", ""Religion and values""]",V1_TOPIC
49,"[""Religion and values"", ""Social behaviour and attitudes"", ""Political behaviour and attitudes"", ""Government, political systems and organisations"", ""SOCIAL STRATIFICATION AND GROUPINGS"", ""Family life and marriage"", ""Economic systems and development""]",V1_TOPIC
50,"[""Employment"", ""Leisure, tourism and sport"", ""Community, urban and rural life"", ""Housing""]",V1_TOPIC
51,"[""Higher and further education"", ""Political behaviour and attitudes"", ""Government, political systems and organisations""]",V1_TOPIC
52,"[""Medication and treatment"", ""Specific diseases, disorders and medical conditions""]",V1_TOPIC
53,"[""Community, urban and rural life"", ""Cultural activities and participation"", ""Political behaviour and attitudes"", ""Government, political systems and organisations"", ""Housing""]",V1_TOPIC
54,"[""Political behaviour and attitudes"", ""Government, political systems and organisations"", ""Elections"", ""Economic systems and development""]",V1_TOPIC
55,"[""Social behaviour and attitudes"", ""Crime and law enforcement"", ""International politics and organisations"", ""Conflict, security and peace"", ""Political behaviour and attitudes"", ""Government, political systems and organisations"", ""Elections"", ""Economic conditions and indicators"", ""Economic policy, public expenditure and revenue"", ""Economic systems and development""]",V1_TOPIC
56,"[""Migration"", ""Physical fitness and exercise"", ""Specific diseases, disorders and medical conditions"", ""Government, political systems and organisations"", ""Political behaviour and attitudes"", ""Social welfare policy"", ""Specific social services: use and availability"", ""Employment""]",V1_TOPIC
57,"[""Diet and nutrition"", ""General health and well-being"", ""Medication and treatment"", ""Specific diseases, disorders and medical conditions""]",V1_TOPIC
58,"[""Specific diseases, disorders and medical conditions"", ""MEDIA, COMMUNICATION AND LANGUAGE"", ""Working conditions"", ""Health care services and policies""]",V1_TOPIC
59,"[""Employment"", ""Vocational education and training"", ""Higher and further education"", ""Social conditions and indicators"", ""Family life and marriage""]",V1_TOPIC
60,"[""mass media"", ""online media"", ""media consumption"", ""digital media"", ""methodology"", ""data preparation"", ""data bank""]",V1_TOPIC
61,"[""Consumption and consumer behaviour""]",V1_TOPIC
62,"[""Leisure, tourism and sport"", ""Social behaviour and attitudes"", ""Media"", ""TRANSPORT AND TRAVEL"", ""Consumption and consumer behaviour"", ""Economic systems and development"", ""Economic conditions and indicators""]",V1_TOPIC
63,"[""Working conditions"", ""Vocational education and training"", ""Occupational health""]",V1_TOPIC
64,"[""Social behaviour and attitudes"", ""Medication and treatment"", ""Specific diseases, disorders and medical conditions"", ""Language and linguistics"", ""International politics and organisations"", ""Political behaviour and attitudes""]",V1_TOPIC
65,"[""Social behaviour and attitudes"", ""SOCIAL STRATIFICATION AND GROUPINGS"", ""Family life and marriage""]",V1_TOPIC
66,"[""International politics and organisations"", ""Conflict, security and peace""]",V1_TOPIC
67,"[""Social behaviour and attitudes"", ""Media"", ""Political behaviour and attitudes"", ""Government, political systems and organisations"", ""Elections"", ""Economic policy, public expenditure and revenue"", ""Economic systems and development""]",V1_TOPIC
68,"[""Data management"", ""Knowledge transfer"", ""Research collaboration"", ""research documentation"", ""data access"", ""data documentation"", ""data storage"", ""democracy""]",V1_TOPIC
69,"[""Business/industrial management and organisation""]",V1_TOPIC
70,"[""Compulsory and pre-school education"", ""Children""]",V1_TOPIC
71,"[""Leisure, tourism and sport"", ""Youth""]",V1_TOPIC
72,"[""MEDIA, COMMUNICATION AND LANGUAGE"", ""SOCIAL STRATIFICATION AND GROUPINGS""]",V1_TOPIC
73,"[""HISTORY""]",V1_TOPIC
74,"[""Compulsory and pre-school education""]",V1_TOPIC
75,"[""Economic systems and development""]",V1_TOPIC
76,"[""Community, urban and rural life"", ""Political behaviour and attitudes"", ""Government, political systems and organisations"", ""Elections""]",V1_TOPIC
77,"[""Media"", ""Language and linguistics""]",V1_TOPIC
78,"[""Political behaviour and attitudes"", ""Government, political systems and organisations""]",V1_TOPIC
79,"[""Youth"", ""EDUCATION"", ""Higher and further education"", ""Migration"", ""Social behaviour and attitudes"", ""Leisure, tourism and sport"", ""Children"", ""Family life and marriage""]",V1_TOPIC
80,"[""digitalization"", ""telecommuting"", ""workaholism"", ""job performance""]",V1_TOPIC
81,"[""Data management"", ""Knowledge transfer"", ""Research collaboration"", ""research documentation"", ""data access"", ""data documentation"", ""data storage"", ""democracy""] Self-administered questionnaire:CASI(Computer-assisted Self-interview)",V2_TOPIC_METHOD
82,"[""Crime and law enforcement""] Oral survey with standardized questionnaire",V2_TOPIC_METHOD
83,"[""Employment"", ""Business/industrial management and organisation"", ""PSYCHOLOGY""] Online Befragung mit standardisiertem Fragebogen",V2_TOPIC_METHOD
84,"[""Political behaviour and attitudes"", ""Government, political systems and organisations"", ""Elections""] Face-to-face interview with standardized questionnaire",V2_TOPIC_METHOD
85,"[""Political behaviour and attitudes"", ""Government, political systems and organisations"", ""Elections""] &bull; Face-to-face interview; Oral survey with standardized questionnaire",V2_TOPIC_METHOD
86,"[""Compulsory and pre-school education""] &bull; Educational measurements and tests &bull; Self-administered questionnaire: Web-based (CAWI) &bull; Content coding;",V2_TOPIC_METHOD
87,"[""Economic conditions and indicators"", ""Information society"", ""Political behaviour and attitudes"", ""Government, political systems and organisations"", ""Equality, inequality and social exclusion"", ""Cultural and national identity"", ""Social behaviour and attitudes"", ""Religion and values""] &bull; Face-to-face interview: Computer-assisted (CAPI/CAMI) &bull; Self-administered questionnaire: Computer-assisted (CASI); Personal, oral interview with standardized questionnaire (CAPI – Computer Assisted Personal Interviewing) and two additional self-completion questionnaires (CASI – Computer Assisted Self-Interviewing) for ISSP (split questionnaire design).",V2_TOPIC_METHOD
88,"[""Media"", ""Language and linguistics""] &bull; Telephone interview;",V2_TOPIC_METHOD
89,"[""Reproductive health"", ""Specific diseases, disorders and medical conditions"", ""Family life and marriage""] Oral survey and written survey with standardized questionnaire",V2_TOPIC_METHOD
90,"[""Social behaviour and attitudes"", ""Crime and law enforcement"", ""International politics and organisations"", ""Conflict, security and peace"", ""Political behaviour and attitudes"", ""Government, political systems and organisations"", ""Elections"", ""Economic conditions and indicators"", ""Economic policy, public expenditure and revenue"", ""Economic systems and development""] &bull; Telephone interview; Telephone survey with standardized questionnaire",V2_TOPIC_METHOD
91,"[""Economic systems and development""] &bull; Telephone interview;",V2_TOPIC_METHOD
92,"[""Working conditions"", ""Vocational education and training"", ""Occupational health""] Oral survey with standardized questionnaire",V2_TOPIC_METHOD
93,"[""digitalization"", ""telecommuting"", ""workaholism"", ""job performance""] Telephone interview:CATI(Computer Assisted Telephone Interview)",V2_TOPIC_METHOD
94,"[""Political behaviour and attitudes"", ""Government, political systems and organisations"", ""Elections""] &bull; Self-administered questionnaire: Web-based (CAWI);",V2_TOPIC_METHOD
95,"[""Leisure, tourism and sport"", ""Social behaviour and attitudes"", ""Media"", ""TRANSPORT AND TRAVEL"", ""Consumption and consumer behaviour"", ""Economic systems and development"", ""Economic conditions and indicators""] Oral survey with standardized questionnaire",V2_TOPIC_METHOD
96,"[""Social conditions and indicators"", ""Political behaviour and attitudes"", ""Youth"", ""Economic systems and development""] Oral survey with standardized questionnaire",V2_TOPIC_METHOD
97,"[""HISTORY""] Sources: Publications of the official Statistics: Reichsarbeitsblatt; Statistisches Jahrbuch für das Deutsche Reich; Erhebung über Arbeitsnachweise 1912; Statistisches Jahrbuch deutscher Städte. Data of research literature.",V2_TOPIC_METHOD
98,"[""Community, urban and rural life"", ""Land use and planning""] Content analysis and file analysis",V2_TOPIC_METHOD
99,"[""Government, political systems and organisations"", ""Political behaviour and attitudes"", ""Political ideology""] &bull; Telephone interview: Computer-assisted (CATI);",V2_TOPIC_METHOD
100,"[""Consumption and consumer behaviour""] Oral and written survey with standardized questionnaire",V2_TOPIC_METHOD
101,"[""International politics and organisations"", ""Conflict, security and peace"", ""Government, political systems and organisations"", ""Economic systems and development""] Mündliche Befragung mit standardisiertem Fragebogen",V2_TOPIC_METHOD
102,"[""LAW, CRIME AND LEGAL SYSTEMS"", ""Crime and law enforcement"", ""International politics and organisations""] &bull; Telephone interview: Computer-assisted (CATI);",V2_TOPIC_METHOD
103,"[""Social behaviour and attitudes"", ""Media"", ""Political behaviour and attitudes"", ""Government, political systems and organisations"", ""Elections"", ""Economic policy, public expenditure and revenue"", ""Economic systems and development""] &bull; Self-administered questionnaire: Web-based (CAWI);",V2_TOPIC_METHOD
104,"[""Political behaviour and attitudes"", ""Government, political systems and organisations"", ""Elections"", ""Economic systems and development""] &bull; Telephone interview: Computer-assisted (CATI);",V2_TOPIC_METHOD
105,"[""Social behaviour and attitudes"", ""Political behaviour and attitudes"", ""Government, political systems and organisations"", ""Elections""] &bull; Face-to-face interview;",V2_TOPIC_METHOD
106,"[""HISTORY""] Kombinierte Auswahl und Zufallsziehung der Untersuchungsjahre, Zufallsstichprobe der Inventare.",V2_TOPIC_METHOD
107,"[""Social behaviour and attitudes"", ""Political behaviour and attitudes"", ""Government, political systems and organisations"", ""Equality, inequality and social exclusion""] Oral survey with standardized questionnaire",V2_TOPIC_METHOD
108,"[""Religion and values""] &bull; Face-to-face interview;",V2_TOPIC_METHOD
109,"[""International politics and organisations"", ""POLITICS"", ""Conflict, security and peace"", ""Political behaviour and attitudes"", ""Political ideology""] &bull; Self-administered questionnaire: Web-based (CAWI);",V2_TOPIC_METHOD
110,[],V2_TOPIC_METHOD
111,"[""Employment"", ""Leisure, tourism and sport"", ""Reproductive health"", ""Specific diseases, disorders and medical conditions"", ""Family life and marriage"", ""Gender and gender roles""] Written survey",V2_TOPIC_METHOD
112,"[""International politics and organisations"", ""Conflict, security and peace""] Mündliche Befragung mit standardisiertem Fragebogen",V2_TOPIC_METHOD
113,"[""Media"", ""POLITICS"", ""Political behaviour and attitudes"", ""Government, political systems and organisations""] Telephone interview: CATI (Computer Assisted Telephone Interview)",V2_TOPIC_METHOD
114,"[""university"", ""university policy"", ""digitalization"", ""artificial intelligence"", ""university research""] Self-administered questionnaire:CAWI(Computer-assisted web interviewing)",V2_TOPIC_METHOD
115,"[""Community, urban and rural life""] Oral survey with standardized questionnaire",V2_TOPIC_METHOD
116,"[""Community, urban and rural life"", ""Cultural activities and participation"", ""Political behaviour and attitudes"", ""Government, political systems and organisations"", ""Housing""] Mündliche Befragung mit standardisiertem Fragebogen",V2_TOPIC_METHOD
117,"[""HISTORY""] Sources: Official statistics.",V2_TOPIC_METHOD
118,"[""Conflict, security and peace"", ""International politics and organisations"", ""Political behaviour and attitudes""] &bull; Telephone interview: Computer-assisted (CATI);",V2_TOPIC_METHOD
119,"[""Working conditions"", ""Occupational health""] Telephoneinterview: CATI (Computer Assisted Telephone Interview) Self-administered questionnaire: CAWI (Computer-Assisted Web Interview)",V2_TOPIC_METHOD
120,"[""Political behaviour and attitudes"", ""Government, political systems and organisations""]",V2_TOPIC_METHOD
121,"[""Specific diseases, disorders and medical conditions"", ""MEDIA, COMMUNICATION AND LANGUAGE"", ""Working conditions"", ""Health care services and policies""] &bull; Telephone interview: Computer-assisted (CATI);",V2_TOPIC_METHOD
122,"[""Migration"", ""Community, urban and rural life"", ""Government, political systems and organisations""] Mündliche Befragung mit standardisiertem Fragebogen",V2_TOPIC_METHOD
123,"[""Social behaviour and attitudes"", ""Medication and treatment"", ""Specific diseases, disorders and medical conditions"", ""Language and linguistics"", ""International politics and organisations"", ""Political behaviour and attitudes""] Oral survey with standardized questionnaire",V2_TOPIC_METHOD
124,"[""Leisure, tourism and sport"", ""Community, urban and rural life"", ""TRANSPORT AND TRAVEL"", ""Consumption and consumer behaviour""] Oral survey with standardized questionnaire",V2_TOPIC_METHOD
125,"[""Diet and nutrition"", ""General health and well-being"", ""Medication and treatment"", ""Specific diseases, disorders and medical conditions""] Written survey",V2_TOPIC_METHOD
126,"[""Employment"", ""Higher and further education""] &bull; Self-administered questionnaire: Paper; Mail survey",V2_TOPIC_METHOD
127,"[""MEDIA, COMMUNICATION AND LANGUAGE"", ""SOCIAL STRATIFICATION AND GROUPINGS""] Oral survey with standardized questionnaire",V2_TOPIC_METHOD
128,"[""MEDIA, COMMUNICATION AND LANGUAGE"", ""Information technology""] Telefonische Befragung mit standardisiertem Fragebogen",V2_TOPIC_METHOD
129,"[""Business/industrial management and organisation"", ""Economic systems and development""] Mail survey",V2_TOPIC_METHOD
130,"[""International politics and organisations"", ""Political behaviour and attitudes""] &bull; Telephone interview;",V2_TOPIC_METHOD
131,"[""Reproductive health""] Oral survey with standardized questionnaire",V2_TOPIC_METHOD
132,"[""mass media"", ""online media"", ""media consumption"", ""digital media"", ""methodology"", ""data preparation"", ""data bank""]",V2_TOPIC_METHOD
133,"[""Media""] Mündliche Befragung mit standardisiertem Fragebogen zum Fernsehen in der Vorwoche.",V2_TOPIC_METHOD
134,"[""Social behaviour and attitudes"", ""SOCIAL STRATIFICATION AND GROUPINGS"", ""Family life and marriage""] &bull; Interview &bull; Self-administered questionnaire; Oral, paper and pencil resp. postal interview with standardised questionnaire",V2_TOPIC_METHOD
135,"[""Economic conditions and indicators"", ""Economic policy, public expenditure and revenue"", ""TRADE, INDUSTRY AND MARKETS"", ""Business/industrial management and organisation""] &bull; Self-administered questionnaire: Web-based (CAWI) &bull; Telephone interview: Computer-assisted (CATI);",V2_TOPIC_METHOD
136,"[""Social conditions and indicators"", ""Youth""] Oral survey with standardized questionnaire",V2_TOPIC_METHOD
137,"[""Employment"", ""Cultural activities and participation"", ""Specific diseases, disorders and medical conditions"", ""Media"", ""Political behaviour and attitudes"", ""Government, political systems and organisations"", ""Family life and marriage"", ""Youth""] &bull; Self-administered questionnaire: Paper; Written survey in group association, further test procedures in the individual waves",V2_TOPIC_METHOD
138,"[""Government, political systems and organisations"", ""International politics and organisations"", ""Political behaviour and attitudes""] &bull; Telephone interview: Computer-assisted (CATI);",V2_TOPIC_METHOD
139,"[""Business/industrial management and organisation"", ""Media""] Mail survey",V2_TOPIC_METHOD
140,"[""Higher and further education"", ""Political behaviour and attitudes"", ""Government, political systems and organisations""] Oral interview with standardized questionnaire",V2_TOPIC_METHOD
141,"[""HISTORY""] Quellen: Die Untersuchung stützt sich in ganz überwiegendem Maße auf den amtlichen Statistiken des Zollvereins, des Reiches, des Bundes, der Länder, der Kommunen usw. Daten aus wissenschaftlichen Einzelpublikationen.",V2_TOPIC_METHOD
142,"[""affectedness"", ""epidemic"", ""comparison"", ""reference group"", ""social status"", ""satisfaction with life""]",V2_TOPIC_METHOD
143,"[""Medication and treatment"", ""Specific diseases, disorders and medical conditions""] &bull; Self-administered questionnaire: Paper;",V2_TOPIC_METHOD
144,"[""Youth"", ""EDUCATION"", ""Higher and further education"", ""Migration"", ""Social behaviour and attitudes"", ""Leisure, tourism and sport"", ""Children"", ""Family life and marriage""] &bull; Self-administered questionnaire: Paper;",V2_TOPIC_METHOD
145,"[""HISTORY""] Sources: publication of the election results from the individual voting districts in the ""Schleswig-Holsteinische Volkszeitung"" as well as the ""Kieler Neueste Nachrichten"" (number of votes without information on election turnout and the results of splinter parties).",V2_TOPIC_METHOD
146,"[""Employment"", ""Migration"", ""Cultural activities and participation"", ""Equality, inequality and social exclusion"", ""Economic conditions and indicators""] Written survey",V2_TOPIC_METHOD
147,"[""Political behaviour and attitudes"", ""Elections""] &bull; Telephone interview; Telephone interview with standardized questionnaire",V2_TOPIC_METHOD
148,"[""Employment"", ""Vocational education and training"", ""Higher and further education"", ""Social conditions and indicators"", ""Family life and marriage""] &bull; Face-to-face interview: Paper-and-pencil (PAPI) &bull; Self-administered questionnaire: Paper; Oral survey with standardized questionnaire",V2_TOPIC_METHOD
149,"[""Religion and values"", ""Social behaviour and attitudes"", ""Political behaviour and attitudes"", ""Government, political systems and organisations"", ""SOCIAL STRATIFICATION AND GROUPINGS"", ""Family life and marriage"", ""Economic systems and development""] Face-to-face interviews with standardized questionnaire",V2_TOPIC_METHOD
150,"[""Leisure, tourism and sport"", ""Youth""] Oral survey with standardized questionnaire among the young people and written survey of parents.",V2_TOPIC_METHOD
151,"[""Business/industrial management and organisation""] Mail survey with standardized questionnaire",V2_TOPIC_METHOD
152,"[""Employment"", ""TRADE, INDUSTRY AND MARKETS""] Oral interview with standardized questionnaire",V2_TOPIC_METHOD
153,"[""Higher and further education"", ""Media"", ""International politics and organisations"", ""Political behaviour and attitudes"", ""Government, political systems and organisations"", ""SOCIAL STRATIFICATION AND GROUPINGS""] Oral survey with standardized questionnaire",V2_TOPIC_METHOD
154,"[""Employment"", ""Leisure, tourism and sport"", ""Community, urban and rural life"", ""Housing""] Oral survey with standardized questionnaire",V2_TOPIC_METHOD
155,"[""Higher and further education"", ""Social behaviour and attitudes"", ""Political behaviour and attitudes""] Oral interview with standardized questionnaire.",V2_TOPIC_METHOD
156,"[""HISTORY"", ""Income, property and investment/saving""] Quellen: Amtliche Statistik des Deutschen Reichs (Statistische Jahrbücher für das Deutsche Reich). Amtliche Statistik der Bundesrepublik Deutschland (Statistisches Bundesamt Wiesbaden, Fachserie „Löhne und Gehälter“; Statistische Jahrbücher der Bundesrepublik Deutschland).",V2_TOPIC_METHOD
157,"[""Migration"", ""Physical fitness and exercise"", ""Specific diseases, disorders and medical conditions"", ""Government, political systems and organisations"", ""Political behaviour and attitudes"", ""Social welfare policy"", ""Specific social services: use and availability"", ""Employment""] &bull; Self-administered questionnaire: Web-based (CAWI);",V2_TOPIC_METHOD
158,"[""Compulsory and pre-school education"", ""Children""] Oral survey with standardized questionnaire",V2_TOPIC_METHOD
159,"[""Political behaviour and attitudes"", ""SOCIAL STRATIFICATION AND GROUPINGS"", ""Minorities"", ""Equality, inequality and social exclusion"", ""Cultural and national identity""] Telefonische Befragung mit standardisiertem Fragebogen (CATI)",V2_TOPIC_METHOD
160,"[""HISTORY""] Sources: Original documents of at that time. The following sources were available at the different stock exchange centres: - Berlin: Berliner Börsen-Zeitung; Berliner Börsencourier; Neumann´s Cours-Tabellen. - Frankfurt: Öffentliches Börsen - Coursblatt; Frankfurter Zeitung. - Hamburg: Hamburgischer Correspondent - Neue Hamburgische Börsen-Halle. - Munich: Börsen-Kursblatt; Jahresberichte der IHK München. - Leipzig: Leipziger Börsen - Course. - Cologne: Kölnische Zeitung; Kölner Tageblatt.",V2_TOPIC_METHOD
161,"[""HISTORY""] Selection of time series of different scientific publications and of publication of the official statistics: EUROSTAT, European Statistical Office OECD: Organisation for Economic Cooperation and Development; ONS: Office for National Statistics, England; SCB: Statistiska Centralbyran, Sweden; Federal Statistical Office, Wiesbaden. Deutschland; WHO: World Health Organization.",V2_TOPIC_METHOD
162,"[""Community, urban and rural life"", ""Political behaviour and attitudes"", ""Government, political systems and organisations"", ""Elections""] Mail survey",V2_TOPIC_METHOD
163,"[""Media""] Mündliche Befragung mit standardisiertem Fragebogen zum Radiohören am Vortag",V2_TOPIC_METHOD
164,"[""Crime and law enforcement"", ""Legislation and legal systems"", ""PSYCHOLOGY"", ""Family life and marriage"", ""Community, urban and rural life"", ""Leisure, tourism and sport"", ""Social behaviour and attitudes"", ""Time use"", ""Vocational education and training"", ""Employment""] &bull; Self-administered questionnaire: Paper &bull; Face-to-face interview;",V2_TOPIC_METHOD
165,"[""HISTORY""] Sources: Files and content analysis of biographical lexicons, of parliamentary handbooks, minutes of parliament and other archive materials.",V2_TOPIC_METHOD
166,"[""Employment"", ""Community, urban and rural life"", ""TRADE, INDUSTRY AND MARKETS"", ""Specific social services: use and availability""] Oral interview with standardized questionnaire",V2_TOPIC_METHOD
167,"[""protest movement"", ""agricultural policy"", ""nutrition policy""] Face-to-face interview:CAPI(Computer Assisted Personal Interview)/CAMI(Computer Assisted Mobile Interviews)",V2_TOPIC_METHOD
168,"[""Cultural and national identity"", ""Minorities"", ""International politics and organisations"", ""Migration""]",V2_TOPIC_METHOD
169,"[""Social conditions and indicators"", ""Political behaviour and attitudes"", ""Government, political systems and organisations"", ""Elections""] Telephone interview with standardized questionnaire",V2_TOPIC_METHOD
170,"[""Reproductive health"", ""Specific diseases, disorders and medical conditions"", ""Family life and marriage""] Written survey",V2_TOPIC_METHOD
171,[],V3_TOPIC_COUNTRY
172,"[""Political behaviour and attitudes"", ""Government, political systems and organisations"", ""Elections""] [""Germany""]",V3_TOPIC_COUNTRY
173,"[""Higher and further education"", ""Media"", ""International politics and organisations"", ""Political behaviour and attitudes"", ""Government, political systems and organisations"", ""SOCIAL STRATIFICATION AND GROUPINGS""] [""Germany""]",V3_TOPIC_COUNTRY
174,"[""Community, urban and rural life"", ""Political behaviour and attitudes"", ""Government, political systems and organisations"", ""Elections""] [""German Democratic Republic (1949-1990)""]",V3_TOPIC_COUNTRY
175,"[""Leisure, tourism and sport"", ""Social behaviour and attitudes"", ""Media"", ""TRANSPORT AND TRAVEL"", ""Consumption and consumer behaviour"", ""Economic systems and development"", ""Economic conditions and indicators""] [""Finland""]",V3_TOPIC_COUNTRY
176,"[""Cultural and national identity"", ""Minorities"", ""International politics and organisations"", ""Migration""] [""Netherlands""]",V3_TOPIC_COUNTRY
177,"[""Reproductive health"", ""Specific diseases, disorders and medical conditions"", ""Family life and marriage""] [""Germany""]",V3_TOPIC_COUNTRY
178,"[""HISTORY""] [""German Reich (1871-1945)""]",V3_TOPIC_COUNTRY
179,"[""Social conditions and indicators"", ""Political behaviour and attitudes"", ""Youth"", ""Economic systems and development""] [""Berlin""]",V3_TOPIC_COUNTRY
180,"[""Social behaviour and attitudes"", ""Political behaviour and attitudes"", ""Government, political systems and organisations"", ""Equality, inequality and social exclusion""] [""Germany""]",V3_TOPIC_COUNTRY
181,"[""university"", ""university policy"", ""digitalization"", ""artificial intelligence"", ""university research""] [""Germany""]",V3_TOPIC_COUNTRY
182,"[""parliamentary debate"", ""Croatia""] [""Croatia""]",V3_TOPIC_COUNTRY
183,"[""Economic conditions and indicators"", ""Economic policy, public expenditure and revenue"", ""TRADE, INDUSTRY AND MARKETS"", ""Business/industrial management and organisation""] [""Germany""]",V3_TOPIC_COUNTRY
184,"[""Employment"", ""TRADE, INDUSTRY AND MARKETS""] [""North Rhine-Westphalia""]",V3_TOPIC_COUNTRY
185,"[""digitalization"", ""telecommuting"", ""workaholism"", ""job performance""] [""Germany""]",V3_TOPIC_COUNTRY
186,"[""Employment"", ""Business/industrial management and organisation"", ""PSYCHOLOGY""] [""Germany""]",V3_TOPIC_COUNTRY
187,"[""Conflict, security and peace"", ""International politics and organisations"", ""Political behaviour and attitudes""] [""Germany""]",V3_TOPIC_COUNTRY
188,"[""Political behaviour and attitudes"", ""Government, political systems and organisations""] [""Turkey""]",V3_TOPIC_COUNTRY
189,"[""Social behaviour and attitudes"", ""Crime and law enforcement"", ""International politics and organisations"", ""Conflict, security and peace"", ""Political behaviour and attitudes"", ""Government, political systems and organisations"", ""Elections"", ""Economic conditions and indicators"", ""Economic policy, public expenditure and revenue"", ""Economic systems and development""] [""Berlin"", ""Baden-Württemberg"", ""Bavaria"", ""Bremen"", ""Hesse"", ""Hamburg"", ""Lower Saxony"", ""North Rhine-Westphalia"", ""Rhineland-Palatinate"", ""Saarland"", ""Schleswig-Holstein""]",V3_TOPIC_COUNTRY
190,"[""Higher and further education"", ""Political behaviour and attitudes"", ""Government, political systems and organisations""] [""Germany""]",V3_TOPIC_COUNTRY
191,"[""HISTORY""] [""South Carolina"", ""Massachusetts""]",V3_TOPIC_COUNTRY
192,"[""International politics and organisations"", ""POLITICS"", ""Conflict, security and peace"", ""Political behaviour and attitudes"", ""Political ideology""] [""Belgium"", ""Bulgaria"", ""Czech Republic"", ""Denmark"", ""Germany"", ""Estonia"", ""Ireland"", ""Greece"", ""Spain"", ""France"", ""Italy"", ""Cyprus"", ""Latvia"", ""Lithuania"", ""Luxembourg"", ""Hungary"", ""Malta"", ""Netherlands"", ""Austria"", ""Poland"", ""Portugal"", ""Romania"", ""Slovenia"", ""Slovakia"", ""Finland"", ""Sweden"", ""Croatia""]",V3_TOPIC_COUNTRY
193,"[""Employment"", ""Migration"", ""Cultural activities and participation"", ""Equality, inequality and social exclusion"", ""Economic conditions and indicators""] [""German Democratic Republic (1949-1990)""]",V3_TOPIC_COUNTRY
194,"[""Migration"", ""Physical fitness and exercise"", ""Specific diseases, disorders and medical conditions"", ""Government, political systems and organisations"", ""Political behaviour and attitudes"", ""Social welfare policy"", ""Specific social services: use and availability"", ""Employment""] [""Germany""]",V3_TOPIC_COUNTRY
195,"[""Employment"", ""Leisure, tourism and sport"", ""Reproductive health"", ""Specific diseases, disorders and medical conditions"", ""Family life and marriage"", ""Gender and gender roles""] [""German Democratic Republic (1949-1990)""]",V3_TOPIC_COUNTRY
196,"[""LAW, CRIME AND LEGAL SYSTEMS"", ""Crime and law enforcement"", ""International politics and organisations""] [""Belgium"", ""Denmark"", ""Germany"", ""Greece"", ""Spain"", ""Finland"", ""France"", ""Ireland"", ""Italy"", ""Luxembourg"", ""Netherlands"", ""Austria"", ""Portugal"", ""Sweden"", ""United Kingdom"", ""Bulgaria"", ""Cyprus"", ""Czech Republic"", ""Estonia"", ""Hungary"", ""Latvia"", ""Lithuania"", ""Malta"", ""Poland"", ""Romania"", ""Slovakia"", ""Slovenia"", ""Croatia""]",V3_TOPIC_COUNTRY
197,"[""Media"", ""POLITICS"", ""Political behaviour and attitudes"", ""Government, political systems and organisations""] [""Germany""]",V3_TOPIC_COUNTRY
198,"[""Community, urban and rural life""] [""North Rhine-Westphalia""]",V3_TOPIC_COUNTRY
199,"[""Business/industrial management and organisation""] [""Rhineland-Palatinate"", ""North Rhine-Westphalia""]",V3_TOPIC_COUNTRY
200,"[""Working conditions"", ""Vocational education and training"", ""Occupational health""] [""Hesse""]",V3_TOPIC_COUNTRY
201,"[""HISTORY""] [""Historical German lands (-1871)"", ""German Reich (1871-1945)"", ""Germany"", """"]",V3_TOPIC_COUNTRY
202,"[""Employment"", ""Cultural activities and participation"", ""Specific diseases, disorders and medical conditions"", ""Media"", ""Political behaviour and attitudes"", ""Government, political systems and organisations"", ""Family life and marriage"", ""Youth""] [""German Democratic Republic (1949-1990)""]",V3_TOPIC_COUNTRY
203,"[""Community, urban and rural life"", ""Cultural activities and participation"", ""Political behaviour and attitudes"", ""Government, political systems and organisations"", ""Housing""] [""North Rhine-Westphalia""]",V3_TOPIC_COUNTRY
204,"[""Media"", ""Language and linguistics""] [""Belgium"", ""Germany"", ""Spain"", ""Greece"", ""France"", ""Ireland"", ""Italy"", ""Luxembourg"", ""Netherlands"", ""Austria"", ""Portugal"", ""Finland"", ""Slovenia"", ""Cyprus"", ""Malta"", ""Slovakia"", ""Bulgaria"", ""Czech Republic"", ""Denmark"", ""Estonia"", ""Latvia"", ""Hungary"", ""Poland"", ""Romania"", ""Sweden"", ""United Kingdom"", ""Lithuania""]",V3_TOPIC_COUNTRY
205,"[""Working conditions"", ""Occupational health""] [""Belgium"", ""Denmark"", ""Germany"", ""Greece"", ""Spain"", ""Finland"", ""France"", ""Ireland"", ""Italy"", ""Luxembourg"", ""Netherlands"", ""Austria"", ""Portugal"", ""Sweden"", ""United Kingdom"", ""Bulgaria"", ""Cyprus"", ""Czech Republic"", ""Estonia"", ""Hungary"", ""Latvia"", ""Lithuania"", ""Malta"", ""Poland"", ""Romania"", ""Slovakia"", ""Slovenia"", ""Turkey"", ""Croatia"", ""Switzerland"", ""Norway"", ""Albania"", ""Iceland"", ""Montenegro"", ""North Macedonia"", ""Serbia""]",V3_TOPIC_COUNTRY
206,"[""International politics and organisations"", ""Conflict, security and peace""] [""France"", ""Great Britain"", ""Germany"", ""Italy""]",V3_TOPIC_COUNTRY
207,"[""Leisure, tourism and sport"", ""Youth""] [""Germany""]",V3_TOPIC_COUNTRY
208,"[""Migration"", ""Community, urban and rural life"", ""Government, political systems and organisations""] [""North Rhine-Westphalia""]",V3_TOPIC_COUNTRY
209,"[""Political behaviour and attitudes"", ""Government, political systems and organisations"", ""Elections""] [""Czech Republic""]",V3_TOPIC_COUNTRY
210,"[""Compulsory and pre-school education""] [""Schleswig-Holstein""]",V3_TOPIC_COUNTRY
211,"[""Government, political systems and organisations"", ""International politics and organisations"", ""Political behaviour and attitudes""] [""Germany""]",V3_TOPIC_COUNTRY
212,"[""Employment"", ""Higher and further education""] [""Bavaria""]",V3_TOPIC_COUNTRY
213,"[""Employment"", ""Leisure, tourism and sport"", ""Community, urban and rural life"", ""Housing""] [""German Democratic Republic (1949-1990)""]",V3_TOPIC_COUNTRY
214,"[""MEDIA, COMMUNICATION AND LANGUAGE"", ""Information technology""]",V3_TOPIC_COUNTRY
215,"[""Business/industrial management and organisation"", ""Economic systems and development""] [""Belgium"", ""Germany"", ""Denmark"", ""France"", ""Greece"", ""Ireland"", ""Italy"", ""Luxembourg"", ""Netherlands"", ""Portugal"", ""Spain"", ""Great Britain""]",V3_TOPIC_COUNTRY
216,"[""Economic conditions and indicators"", ""Information society"", ""Political behaviour and attitudes"", ""Government, political systems and organisations"", ""Equality, inequality and social exclusion"", ""Cultural and national identity"", ""Social behaviour and attitudes"", ""Religion and values""] [""Germany""]",V3_TOPIC_COUNTRY
217,"[""Reproductive health""] [""Germany""]",V3_TOPIC_COUNTRY
218,"[""Religion and values""] [""Algeria"", ""Ghana"", ""Indonesia"", ""Jordan"", ""Kenya"", ""Cambodia"", ""Sri Lanka"", ""Mongolia"", ""Malawi"", ""Malaysia"", ""Nigeria"", ""Nepal"", ""Singapore"", ""Viet Nam""]",V3_TOPIC_COUNTRY
219,"[""Media""] [""German Democratic Republic (1949-1990)""]",V3_TOPIC_COUNTRY
220,"[""HISTORY"", ""Income, property and investment/saving""] [""Germany""]",V3_TOPIC_COUNTRY
221,"[""Higher and further education"", ""Social behaviour and attitudes"", ""Political behaviour and attitudes""] [""Uruguay""]",V3_TOPIC_COUNTRY
222,"[""Consumption and consumer behaviour""] [""Germany""]",V3_TOPIC_COUNTRY
223,"[""Reproductive health"", ""Specific diseases, disorders and medical conditions"", ""Family life and marriage""] [""German Democratic Republic (1949-1990)""]",V3_TOPIC_COUNTRY
224,"[""Employment"", ""Vocational education and training"", ""Higher and further education"", ""Social conditions and indicators"", ""Family life and marriage""] [""North Rhine-Westphalia""]",V3_TOPIC_COUNTRY
225,"[""Medication and treatment"", ""Specific diseases, disorders and medical conditions""] [""Rhineland-Palatinate""]",V3_TOPIC_COUNTRY
226,"[""Youth"", ""EDUCATION"", ""Higher and further education"", ""Migration"", ""Social behaviour and attitudes"", ""Leisure, tourism and sport"", ""Children"", ""Family life and marriage""] [""Germany""]",V3_TOPIC_COUNTRY
227,"[""Community, urban and rural life"", ""Land use and planning""] [""Germany""]",V3_TOPIC_COUNTRY
228,"[""Business/industrial management and organisation"", ""Media""] [""Germany""]",V3_TOPIC_COUNTRY
229,"[""Specific diseases, disorders and medical conditions"", ""MEDIA, COMMUNICATION AND LANGUAGE"", ""Working conditions"", ""Health care services and policies""] [""Germany""]",V3_TOPIC_COUNTRY
230,"[""Government, political systems and organisations"", ""Political behaviour and attitudes"", ""Political ideology""] [""Germany""]",V3_TOPIC_COUNTRY
231,"[""Leisure, tourism and sport"", ""Community, urban and rural life"", ""TRANSPORT AND TRAVEL"", ""Consumption and consumer behaviour""] [""North Rhine-Westphalia""]",V3_TOPIC_COUNTRY
232,"[""HISTORY""] [""Germany""]",V3_TOPIC_COUNTRY
233,"[""Social behaviour and attitudes"", ""Medication and treatment"", ""Specific diseases, disorders and medical conditions"", ""Language and linguistics"", ""International politics and organisations"", ""Political behaviour and attitudes""] [""Belgium"", ""Denmark"", ""Germany"", ""Greece"", ""Spain"", ""France"", ""Ireland"", ""Italy"", ""Luxembourg"", ""Netherlands"", ""Portugal"", ""Great Britain"", ""Northern Ireland"", ""Austria"", ""Sweden"", ""Finland""]",V3_TOPIC_COUNTRY
234,"[""Religion and values"", ""Social behaviour and attitudes"", ""Political behaviour and attitudes"", ""Government, political systems and organisations"", ""SOCIAL STRATIFICATION AND GROUPINGS"", ""Family life and marriage"", ""Economic systems and development""] [""United Kingdom""]",V3_TOPIC_COUNTRY
235,"[""Political behaviour and attitudes"", ""Elections""] [""Saarland""]",V3_TOPIC_COUNTRY
236,"[""Social behaviour and attitudes"", ""Political behaviour and attitudes"", ""Government, political systems and organisations"", ""Elections""] [""Germany""]",V3_TOPIC_COUNTRY
237,"[""Economic systems and development""] [""Malta""]",V3_TOPIC_COUNTRY
238,"[""protest movement"", ""agricultural policy"", ""nutrition policy""] [""Germany"", ""Berlin""]",V3_TOPIC_COUNTRY
239,"[""Social behaviour and attitudes"", ""SOCIAL STRATIFICATION AND GROUPINGS"", ""Family life and marriage""] [""Australia"", ""Austria"", ""Brazil"", ""Canada"", ""Chile"", ""Cyprus"", ""Czech Republic"", ""Denmark"", ""Finland"", ""France"", ""Germany"", ""Great Britain"", ""Hungary"", ""Israel"", ""Italy"", ""Japan"", ""Latvia"", ""New Zealand"", ""Northern Ireland"", ""Norway"", ""Philippines"", ""Poland"", ""Russian Federation"", ""Slovenia"", ""Spain"", ""South Africa"", ""Switzerland"", ""United States of America""]",V3_TOPIC_COUNTRY
240,"[""Crime and law enforcement"", ""Legislation and legal systems"", ""PSYCHOLOGY"", ""Family life and marriage"", ""Community, urban and rural life"", ""Leisure, tourism and sport"", ""Social behaviour and attitudes"", ""Time use"", ""Vocational education and training"", ""Employment""] [""Duisburg""]",V3_TOPIC_COUNTRY
241,"[""International politics and organisations"", ""Political behaviour and attitudes""] [""Denmark"", ""Germany"", ""Spain"", ""France"", ""Ireland"", ""Italy"", ""Portugal"", ""United Kingdom"", ""Estonia"", ""Hungary"", ""Slovenia""]",V3_TOPIC_COUNTRY
242,"[""Political behaviour and attitudes"", ""Government, political systems and organisations"", ""Elections"", ""Economic systems and development""] [""Germany""]",V3_TOPIC_COUNTRY
243,"[""Compulsory and pre-school education"", ""Children""] [""Hesse""]",V3_TOPIC_COUNTRY
244,"[""Diet and nutrition"", ""General health and well-being"", ""Medication and treatment"", ""Specific diseases, disorders and medical conditions""] [""German Democratic Republic (1949-1990)""]",V3_TOPIC_COUNTRY
245,"[""Crime and law enforcement""] [""Germany""]",V3_TOPIC_COUNTRY
246,"[""HISTORY""] [""Germany"", ""England"", ""Sweden"", ""United States of America""]",V3_TOPIC_COUNTRY
247,"[""MEDIA, COMMUNICATION AND LANGUAGE"", ""SOCIAL STRATIFICATION AND GROUPINGS""] [""Illinois""]",V3_TOPIC_COUNTRY
248,"[""Social conditions and indicators"", ""Youth""] [""Germany""]",V3_TOPIC_COUNTRY
249,"[""Social behaviour and attitudes"", ""Media"", ""Political behaviour and attitudes"", ""Government, political systems and organisations"", ""Elections"", ""Economic policy, public expenditure and revenue"", ""Economic systems and development""] [""Germany""]",V3_TOPIC_COUNTRY
250,"[""Employment"", ""Community, urban and rural life"", ""TRADE, INDUSTRY AND MARKETS"", ""Specific social services: use and availability""] [""Lagos""]",V3_TOPIC_COUNTRY
251,"[""affectedness"", ""epidemic"", ""comparison"", ""reference group"", ""social status"", ""satisfaction with life""] [""Germany""]",V3_TOPIC_COUNTRY
252,"[""International politics and organisations"", ""Conflict, security and peace"", ""Government, political systems and organisations"", ""Economic systems and development""] [""Germany""]",V3_TOPIC_COUNTRY
253,"[""Social conditions and indicators"", ""Political behaviour and attitudes"", ""Government, political systems and organisations"", ""Elections""] [""Germany""]",V3_TOPIC_COUNTRY
254,"[""Political behaviour and attitudes"", ""SOCIAL STRATIFICATION AND GROUPINGS"", ""Minorities"", ""Equality, inequality and social exclusion"", ""Cultural and national identity""] [""Germany""]",V3_TOPIC_COUNTRY
255,"[""Religion and values"", ""Social behaviour and attitudes"", ""Political behaviour and attitudes"", ""Government, political systems and organisations"", ""SOCIAL STRATIFICATION AND GROUPINGS"", ""Family life and marriage"", ""Economic systems and development""] The adult population 18 years old and older.",V4_TOPIC_UNIVERSE
256,"[""Political behaviour and attitudes"", ""Government, political systems and organisations"", ""Elections""] No specific information",V4_TOPIC_UNIVERSE
257,"[""Crime and law enforcement"", ""Legislation and legal systems"", ""PSYCHOLOGY"", ""Family life and marriage"", ""Community, urban and rural life"", ""Leisure, tourism and sport"", ""Social behaviour and attitudes"", ""Time use"", ""Vocational education and training"", ""Employment""] Those young people who mathematically belong to the 12th grade of a Duisburg school or, in the case of a change of school to a vocational college or the end of their school career, would belong to the 12th grade, and who have participated in the annual survey since attending the 7th or 8th grade.",V4_TOPIC_UNIVERSE
258,"[""Leisure, tourism and sport"", ""Community, urban and rural life"", ""TRANSPORT AND TRAVEL"", ""Consumption and consumer behaviour""] Sample of persons 14 years old and older in the cities Cologne, Bonn and Leverkusen as well as in the Erft district, in the district of Euskirchen, in the Rhein-Sieg district, in the Rheinisch-Bergisch district and in the Oberbergisch district",V4_TOPIC_UNIVERSE
259,"[""Employment"", ""Higher and further education""] Sample of graduates of the University and the Technical College in Munich, who completed their studies in 1972.",V4_TOPIC_UNIVERSE
260,"[""protest movement"", ""agricultural policy"", ""nutrition policy""] Die Grundgesamtheit sind Protestierende auf der Demonstration ""Wir haben es satt!"" am 20. Januar 2024 in Berlin, die mindestens 14 Jahre alt sind.",V4_TOPIC_UNIVERSE
261,"[""Reproductive health"", ""Specific diseases, disorders and medical conditions"", ""Family life and marriage""] Persons between the ages of 16 - 59 years",V4_TOPIC_UNIVERSE
262,"[""Employment"", ""Community, urban and rural life"", ""TRADE, INDUSTRY AND MARKETS"", ""Specific social services: use and availability""] Women old enough to be employed.",V4_TOPIC_UNIVERSE
263,"[""Social conditions and indicators"", ""Political behaviour and attitudes"", ""Youth"", ""Economic systems and development""] Young GDR refugees 14 - 24 years old.",V4_TOPIC_UNIVERSE
264,"[""Cultural and national identity"", ""Minorities"", ""International politics and organisations"", ""Migration""]",V4_TOPIC_UNIVERSE
265,"[""Media"", ""Language and linguistics""] Internet users aged 15 years and above in each of the EU27 Member States",V4_TOPIC_UNIVERSE
266,"[""International politics and organisations"", ""Conflict, security and peace""] Befragte im Alter von 21 Jahren und älter",V4_TOPIC_UNIVERSE
267,"[""Leisure, tourism and sport"", ""Youth""] Young people and their parents in 73 clubhouses with ´open door´ character. The leisure clubhouses were determined according to stratified random sample.",V4_TOPIC_UNIVERSE
268,"[""Higher and further education"", ""Social behaviour and attitudes"", ""Political behaviour and attitudes""] Students of the University of Montevideo.",V4_TOPIC_UNIVERSE
269,"[""Social behaviour and attitudes"", ""Political behaviour and attitudes"", ""Government, political systems and organisations"", ""Equality, inequality and social exclusion""] Persons of German citizenship 18 years old and older",V4_TOPIC_UNIVERSE
270,"[""Political behaviour and attitudes"", ""Government, political systems and organisations"", ""Elections""] The permanent residents of 15 years of age and older.",V4_TOPIC_UNIVERSE
271,"[""Economic conditions and indicators"", ""Economic policy, public expenditure and revenue"", ""TRADE, INDUSTRY AND MARKETS"", ""Business/industrial management and organisation""] Decision-makers of legally independent private and public companies with economic activities in Germany",V4_TOPIC_UNIVERSE
272,"[""HISTORY""] All 1794 members of the Weimar National Assembly and the Reichstag from 1920 to 1933 the Reichstag which emerged from the March elections of 1933.",V4_TOPIC_UNIVERSE
273,"[""Political behaviour and attitudes"", ""Elections""] Wahlberechtigte Wohnbevölkerung",V4_TOPIC_UNIVERSE
274,"[""Social behaviour and attitudes"", ""Media"", ""Political behaviour and attitudes"", ""Government, political systems and organisations"", ""Elections"", ""Economic policy, public expenditure and revenue"", ""Economic systems and development""] The population comprises all German citizens who were eligible to vote when the survey was conducted. Due to the fact that this was an online survey not everybody who was eligible to vote had a probability to get selected for this Online Tracking. Therefore the population comprises all persons with German citizenship resident in the Federal Republic of Germany and being part of the LINK Internet Panel, who had a minimum age of 18 years, who lived in Germany and used at least once a week the Internet for private reasons. This group comprised nearly 40000 active Panel members in the LINK Internet Panel. Panel members were recruited exclusively by phone.",V4_TOPIC_UNIVERSE
275,"[""Leisure, tourism and sport"", ""Social behaviour and attitudes"", ""Media"", ""TRANSPORT AND TRAVEL"", ""Consumption and consumer behaviour"", ""Economic systems and development"", ""Economic conditions and indicators""] Persons 18 years old and older, who live in private households",V4_TOPIC_UNIVERSE
276,"[""Social behaviour and attitudes"", ""Political behaviour and attitudes"", ""Government, political systems and organisations"", ""Elections""]",V4_TOPIC_UNIVERSE
277,"[""Business/industrial management and organisation"", ""Media""] Mannesmann-Belegschaft",V4_TOPIC_UNIVERSE
278,"[""International politics and organisations"", ""POLITICS"", ""Conflict, security and peace"", ""Political behaviour and attitudes"", ""Political ideology""] Population of the respective nationalities of the European Union Member States and other EU nationals, resident in each of the 27 Member States and aged 15 years and over",V4_TOPIC_UNIVERSE
279,"[""Employment"", ""Leisure, tourism and sport"", ""Reproductive health"", ""Specific diseases, disorders and medical conditions"", ""Family life and marriage"", ""Gender and gender roles""] In der gynäkologischen Poliklinik der Frauenklinik der Charité wurden nach Quoten sekundär und primär sterile Frauen im fertilen Alter ausgewählt, die seit mindestens einem Jahr in einer Partnerschaft leben und nicht an lebensbedrohlichen Krankheiten leiden.",V4_TOPIC_UNIVERSE
280,"[""LAW, CRIME AND LEGAL SYSTEMS"", ""Crime and law enforcement"", ""International politics and organisations""] Population of the respective nationalities of the European Union Member States, resident in each of the 28 Member States and aged 15 years and over",V4_TOPIC_UNIVERSE
281,"[""Media"", ""POLITICS"", ""Political behaviour and attitudes"", ""Government, political systems and organisations""] Persons aged 18 years and older in private households",V4_TOPIC_UNIVERSE
282,"[""university"", ""university policy"", ""digitalization"", ""artificial intelligence"", ""university research""] 427 Hochschulen (staatliche wie auch staatlich anerkannte private)",V4_TOPIC_UNIVERSE
283,"[""Conflict, security and peace"", ""International politics and organisations"", ""Political behaviour and attitudes""] Eligible voters in Germany",V4_TOPIC_UNIVERSE
284,"[""International politics and organisations"", ""Political behaviour and attitudes""] Journalists, elected politicians, representatives of teaching profession, representatives of civil society",V4_TOPIC_UNIVERSE
285,"[""Government, political systems and organisations"", ""Political behaviour and attitudes"", ""Political ideology""] German-speaking resident population aged 14 and over",V4_TOPIC_UNIVERSE
286,"[""parliamentary debate"", ""Croatia""]",V4_TOPIC_UNIVERSE
287,"[""Business/industrial management and organisation"", ""Economic systems and development""] Manager in kleinen und mittleren Betrieben",V4_TOPIC_UNIVERSE
288,"[""Community, urban and rural life""] Persons between the ages of 18-75 years.",V4_TOPIC_UNIVERSE
289,"[""HISTORY"", ""Income, property and investment/saving""]",V4_TOPIC_UNIVERSE
290,"[""Working conditions"", ""Occupational health""] Companies with five or more employees from both private and public organisations of all sectors of activity (including agriculture, forestry and fisheries (NACE A) in 36 European countries (EU Member States (EU28) plus Albania, Iceland, Macedonia (FYROM), Montenegro, Norway, Serbia, Switzerland and Turkey). Within each establishment the person who knows best about health and safety in the establishment was interviewed.",V4_TOPIC_UNIVERSE
291,"[""Diet and nutrition"", ""General health and well-being"", ""Medication and treatment"", ""Specific diseases, disorders and medical conditions""] Sample of schoolchildren of grades 6 to 10.",V4_TOPIC_UNIVERSE
292,"[""Political behaviour and attitudes"", ""Government, political systems and organisations"", ""Elections""] The population of the GLES tracking consists of citizens of the Federal Republic of Germany who were eligible to vote in elections to the German Bundestag at the time of the survey, i.e. German citizens who had reached the age of 18 at the time of the survey. Since the data was collected using computer-aided web interviews (CAWI), not all citizens who were eligible to participate also had a chance different from zero of being selected for the survey. The frame population therefore only includes active participants in the Online-Access-Panel operated by respondi AG who were German citizens and who had reached the age of 18 at the time the study was conducted.",V4_TOPIC_UNIVERSE
293,"[""Crime and law enforcement""] No specific information",V4_TOPIC_UNIVERSE
294,"[""mass media"", ""online media"", ""media consumption"", ""digital media"", ""methodology"", ""data preparation"", ""data bank""]",V4_TOPIC_UNIVERSE
295,"[""Community, urban and rural life"", ""Land use and planning""] Reports of the ´preparatory investigations´ according to the law to promote urban development in 955 areas in 769 municipalities of the Federal Republic.",V4_TOPIC_UNIVERSE
296,"[""Reproductive health"", ""Specific diseases, disorders and medical conditions"", ""Family life and marriage""] Schoolchildren and apprentices.",V4_TOPIC_UNIVERSE
297,"[""Social conditions and indicators"", ""Political behaviour and attitudes"", ""Government, political systems and organisations"", ""Elections""] The residential population eligible to vote",V4_TOPIC_UNIVERSE
298,"[""Specific diseases, disorders and medical conditions"", ""MEDIA, COMMUNICATION AND LANGUAGE"", ""Working conditions"", ""Health care services and policies""] German-speaking resident population aged 14 and over",V4_TOPIC_UNIVERSE
299,"[""MEDIA, COMMUNICATION AND LANGUAGE"", ""Information technology""] Grundgesamtheit aus den Besitzern von Mobilfunktelefonen im Alter von 16 Jahren oder älter zusammen, die in der Bundesrepublik Deutschland leben und über ausreichende deutsche Sprachkenntnisse verfügen.",V4_TOPIC_UNIVERSE
300,"[""Migration"", ""Community, urban and rural life"", ""Government, political systems and organisations""] Deutsche Personen mit Hauptwohnsitz in Duisburg im Alter von 18 bis 75 Jahren aus der Einwohnermeldedatei",V4_TOPIC_UNIVERSE
301,"[""Employment"", ""Migration"", ""Cultural activities and participation"", ""Equality, inequality and social exclusion"", ""Economic conditions and indicators""] Sample of foreigners with residence permit (48%) of these 25% Soviet citizens, 22% Vietnamese, 16% Poles and 16% Hungarians.",V4_TOPIC_UNIVERSE
302,"[""Reproductive health""] Persons 16 - 50 years old",V4_TOPIC_UNIVERSE
303,"[""HISTORY""] Voters in the city of Kiel",V4_TOPIC_UNIVERSE
304,"[""Media""] Resident population of the GDR (TV registered participants)",V4_TOPIC_UNIVERSE
305,"[""Higher and further education"", ""Media"", ""International politics and organisations"", ""Political behaviour and attitudes"", ""Government, political systems and organisations"", ""SOCIAL STRATIFICATION AND GROUPINGS""] Egyptian students in Germany.",V4_TOPIC_UNIVERSE
306,"[""Economic conditions and indicators"", ""Information society"", ""Political behaviour and attitudes"", ""Government, political systems and organisations"", ""Equality, inequality and social exclusion"", ""Cultural and national identity"", ""Social behaviour and attitudes"", ""Religion and values""] All residents (German and non-German) living in private households in the Federal Republic of Germany who were born before 1 January 2000.",V4_TOPIC_UNIVERSE
307,"[""Economic systems and development""] Population aged 15 years and over",V4_TOPIC_UNIVERSE
308,"[""Employment"", ""Cultural activities and participation"", ""Specific diseases, disorders and medical conditions"", ""Media"", ""Political behaviour and attitudes"", ""Government, political systems and organisations"", ""Family life and marriage"", ""Youth""] 31 classes from 11 schools. Interviewed were schoolchildren in the 8th grade.",V4_TOPIC_UNIVERSE
309,"[""Employment"", ""Vocational education and training"", ""Higher and further education"", ""Social conditions and indicators"", ""Family life and marriage""] Students and of the school year 1969/70 in the 10th grade from 121 various classes at 68 high schools.",V4_TOPIC_UNIVERSE
310,"[""Government, political systems and organisations"", ""International politics and organisations"", ""Political behaviour and attitudes""] Persons aged 14 and over",V4_TOPIC_UNIVERSE
311,"[""Higher and further education"", ""Political behaviour and attitudes"", ""Government, political systems and organisations""] No information.",V4_TOPIC_UNIVERSE
312,"[""Medication and treatment"", ""Specific diseases, disorders and medical conditions""] Resident population with a primary residence in Rhineland-Palatinate with a landline connection",V4_TOPIC_UNIVERSE
313,"[""Community, urban and rural life"", ""Cultural activities and participation"", ""Political behaviour and attitudes"", ""Government, political systems and organisations"", ""Housing""] Personen mit Hauptwohnsitz in Duisburg im Alter von 18 bis 75 Jahren",V4_TOPIC_UNIVERSE
314,"[""International politics and organisations"", ""Conflict, security and peace"", ""Government, political systems and organisations"", ""Economic systems and development""] Alter: 14 Jahre und älter",V4_TOPIC_UNIVERSE
315,"[""Political behaviour and attitudes"", ""Government, political systems and organisations"", ""Elections"", ""Economic systems and development""] German-speaking population aged 14 and over",V4_TOPIC_UNIVERSE
316,"[""Social behaviour and attitudes"", ""Crime and law enforcement"", ""International politics and organisations"", ""Conflict, security and peace"", ""Political behaviour and attitudes"", ""Government, political systems and organisations"", ""Elections"", ""Economic conditions and indicators"", ""Economic policy, public expenditure and revenue"", ""Economic systems and development""] Eligible voters living in private households with telephone",V4_TOPIC_UNIVERSE
317,"[""Consumption and consumer behaviour""] German-speaking persons 14 years old and older living in private households",V4_TOPIC_UNIVERSE
318,"[""Migration"", ""Physical fitness and exercise"", ""Specific diseases, disorders and medical conditions"", ""Government, political systems and organisations"", ""Political behaviour and attitudes"", ""Social welfare policy"", ""Specific social services: use and availability"", ""Employment""] Persons between 16 and 75 years of age who lived in private households at the time of recruitment.",V4_TOPIC_UNIVERSE
319,"[""Political behaviour and attitudes"", ""SOCIAL STRATIFICATION AND GROUPINGS"", ""Minorities"", ""Equality, inequality and social exclusion"", ""Cultural and national identity""] Deutschsprechende Personen ab 16 Jahen in Telefonhaushalten",V4_TOPIC_UNIVERSE
320,"[""Social conditions and indicators"", ""Youth""] Adults between the ages of 45 to 54 years",V4_TOPIC_UNIVERSE
321,"[""affectedness"", ""epidemic"", ""comparison"", ""reference group"", ""social status"", ""satisfaction with life""]",V4_TOPIC_UNIVERSE
322,"[""Working conditions"", ""Vocational education and training"", ""Occupational health""] Sample of vocational students in the second or third training year from altogether 18 occupational groups in 171 subject classes at 27 vocational schools in Hesse.",V4_TOPIC_UNIVERSE
323,"[""Employment"", ""TRADE, INDUSTRY AND MARKETS""] Shoemakers",V4_TOPIC_UNIVERSE
324,"[""Employment"", ""Leisure, tourism and sport"", ""Community, urban and rural life"", ""Housing""] Residents 18 years old and older in selected residential areas.",V4_TOPIC_UNIVERSE
325,"[""Religion and values""] Persons aged 18 years and older Exception: Indonesia and Malawi (17 years and older); (Only adult citizens of the country, exception: Singapore: Adults of any nationality residing in the country)",V4_TOPIC_UNIVERSE
326,"[""Media""] Alter: Ab dem 15. Lebensjahr",V4_TOPIC_UNIVERSE
327,"[""Data management"", ""Knowledge transfer"", ""Research collaboration"", ""research documentation"", ""data access"", ""data documentation"", ""data storage"", ""democracy""] Sozialwissenschaftler:innen",V4_TOPIC_UNIVERSE
328,"[""Business/industrial management and organisation""] Mittelständische Unternehmen in den Regierungsbezirken Arnsberg, Detmold, Münster, Düsseldorf, Köln, Koblenz und Trier",V4_TOPIC_UNIVERSE
329,"[""Compulsory and pre-school education"", ""Children""] School beginners and their mothers in two schools in downtown Giessen.",V4_TOPIC_UNIVERSE
330,"[""digitalization"", ""telecommuting"", ""workaholism"", ""job performance""] Beschäftigte im Alter zwischen 15 und 65 Jahren, die häufig oder manchmal mit Computern arbeiten.",V4_TOPIC_UNIVERSE
331,"[""MEDIA, COMMUNICATION AND LANGUAGE"", ""SOCIAL STRATIFICATION AND GROUPINGS""] Age: 16 and older.",V4_TOPIC_UNIVERSE
332,"[""HISTORY""]",V4_TOPIC_UNIVERSE
333,"[""Compulsory and pre-school education""] Students in grades 7 and 8 in Schleswig-Holstein, both at grammar schools (Gymnasien) and comprehensive schools (Gemeinschaftsschulen)",V4_TOPIC_UNIVERSE
334,"[""Social behaviour and attitudes"", ""Medication and treatment"", ""Specific diseases, disorders and medical conditions"", ""Language and linguistics"", ""International politics and organisations"", ""Political behaviour and attitudes""] Persons 15 years old and older",V4_TOPIC_UNIVERSE
335,"[""Political behaviour and attitudes"", ""Government, political systems and organisations""]",V4_TOPIC_UNIVERSE
336,"[""Community, urban and rural life"", ""Political behaviour and attitudes"", ""Government, political systems and organisations"", ""Elections""] Persons 18 years old and older.",V4_TOPIC_UNIVERSE
337,"[""Social behaviour and attitudes"", ""SOCIAL STRATIFICATION AND GROUPINGS"", ""Family life and marriage""] Age: 18 years old and older",V4_TOPIC_UNIVERSE
338,[],V4_TOPIC_UNIVERSE
339,"[""Youth"", ""EDUCATION"", ""Higher and further education"", ""Migration"", ""Social behaviour and attitudes"", ""Leisure, tourism and sport"", ""Children"", ""Family life and marriage""] Jugendliche an Förderschulen der emotionalen und sozialen Entwicklung",V4_TOPIC_UNIVERSE
340,"[""Employment"", ""Business/industrial management and organisation"", ""PSYCHOLOGY""] Selbstständige des BJU (Bund Junger Unternehmer) und der IHK",V4_TOPIC_UNIVERSE
341,"[""Media""] Sofortresonanzen DDR Fernsehen 51. Woche 1985 (SFR 51/85)",V5_TOPIC_TITLE
342,"[""Economic conditions and indicators"", ""Information society"", ""Political behaviour and attitudes"", ""Government, political systems and organisations"", ""Equality, inequality and social exclusion"", ""Cultural and national identity"", ""Social behaviour and attitudes"", ""Religion and values""] German General Social Survey - ALLBUScompact 2018",V5_TOPIC_TITLE
343,"[""mass media"", ""online media"", ""media consumption"", ""digital media"", ""methodology"", ""data preparation"", ""data bank""] Datenaufbereitung der MA-IntermediaPlus: Teil 3",V5_TOPIC_TITLE
344,"[""HISTORY""] Labour market policy in the German Empire.",V5_TOPIC_TITLE
345,"[""Social behaviour and attitudes"", ""Media"", ""Political behaviour and attitudes"", ""Government, political systems and organisations"", ""Elections"", ""Economic policy, public expenditure and revenue"", ""Economic systems and development""] Long-term Online Tracking, T27 (GLES)",V5_TOPIC_TITLE
346,"[""Political behaviour and attitudes"", ""Government, political systems and organisations""] International Social Survey Programme: Work Orientations IV - ISSP 2015 (Turkey)",V5_TOPIC_TITLE
347,"[""Higher and further education"", ""Media"", ""International politics and organisations"", ""Political behaviour and attitudes"", ""Government, political systems and organisations"", ""SOCIAL STRATIFICATION AND GROUPINGS""] Opinions and Values of Egyptian Students in West Germany",V5_TOPIC_TITLE
348,"[""Employment"", ""Migration"", ""Cultural activities and participation"", ""Equality, inequality and social exclusion"", ""Economic conditions and indicators""] Foreigners in Eastern Germany 1990",V5_TOPIC_TITLE
349,"[""Reproductive health"", ""Specific diseases, disorders and medical conditions"", ""Family life and marriage""] Sexual Conduct of Men and Women in the Federal Republic of Germany 1989",V5_TOPIC_TITLE
350,"[""Political behaviour and attitudes"", ""Government, political systems and organisations"", ""Elections""] Federal Parliament Election 1972 (Panel: 2nd Wave, October 1971 - January 1972)",V5_TOPIC_TITLE
351,"[""Political behaviour and attitudes"", ""Government, political systems and organisations"", ""Elections"", ""Economic systems and development""] Forsa-Bus 1992",V5_TOPIC_TITLE
352,"[""Political behaviour and attitudes"", ""Government, political systems and organisations"", ""Elections""] Party Preferences Czech Republic 2000 (Trend)",V5_TOPIC_TITLE
353,"[""HISTORY""] The Growth of the German Economy since the Middle of the 19th Century. Chapter: Population and Employment",V5_TOPIC_TITLE
354,"[""Leisure, tourism and sport"", ""Community, urban and rural life"", ""TRANSPORT AND TRAVEL"", ""Consumption and consumer behaviour""] Cologne Study (Reader Analysis of the Koelner Stadt-Anzeiger)",V5_TOPIC_TITLE
355,"[""Business/industrial management and organisation"", ""Media""] Reader Analysis of the Mannesmann Company Magazine, UNSER WERKTAG",V5_TOPIC_TITLE
356,"[""Social conditions and indicators"", ""Political behaviour and attitudes"", ""Youth"", ""Economic systems and development""] Political Situation in West Berlin (Young People from the GDR)",V5_TOPIC_TITLE
357,"[""HISTORY""] The CFS’s (Center for Financial Studies) historical money and capital market data base, Germany 1871 to 1914.",V5_TOPIC_TITLE
358,"[""Leisure, tourism and sport"", ""Social behaviour and attitudes"", ""Media"", ""TRANSPORT AND TRAVEL"", ""Consumption and consumer behaviour"", ""Economic systems and development"", ""Economic conditions and indicators""] A Survey of Europe Today (Finland)",V5_TOPIC_TITLE
359,"[""Media""] Auditory Participation February 1989 Supplement: „Berliner Luft“",V5_TOPIC_TITLE
360,"[""International politics and organisations"", ""Conflict, security and peace""] International Relations (February 1963)",V5_TOPIC_TITLE
361,"[""Employment"", ""Vocational education and training"", ""Higher and further education"", ""Social conditions and indicators"", ""Family life and marriage""] Education and Life",V5_TOPIC_TITLE
362,"[""Media"", ""Language and linguistics""] Flash Eurobarometer 313 (User Language Preferences Online)",V5_TOPIC_TITLE
363,"[""Employment"", ""Leisure, tourism and sport"", ""Community, urban and rural life"", ""Housing""] Sociological Investigation - Jena 1988",V5_TOPIC_TITLE
364,"[""Youth"", ""EDUCATION"", ""Higher and further education"", ""Migration"", ""Social behaviour and attitudes"", ""Leisure, tourism and sport"", ""Children"", ""Family life and marriage""] Future Plans of Young People at Special Schools of Emotional and Social Development",V5_TOPIC_TITLE
365,"[""International politics and organisations"", ""Political behaviour and attitudes""] Flash Eurobarometer 197 (Satisfaction with EC Representations in 11 Member States)",V5_TOPIC_TITLE
366,"[""Business/industrial management and organisation""] Situation Report Medium-Sized Companies 1991/20",V5_TOPIC_TITLE
367,"[""Employment"", ""Leisure, tourism and sport"", ""Reproductive health"", ""Specific diseases, disorders and medical conditions"", ""Family life and marriage"", ""Gender and gender roles""] Partnership Conflicts and Psychosomatic Gynecological Illnesses 1988/89 (Additional Survey: Sterile Women)",V5_TOPIC_TITLE
368,[] MZ 1998,V5_TOPIC_TITLE
369,"[""HISTORY""] ""Arma sunt necessaria"" (Arms are necessary) Guns, Gun Culture and Cultural Origins of the Second Amendment to the U.S. Constitution",V5_TOPIC_TITLE
370,"[""protest movement"", ""agricultural policy"", ""nutrition policy""] Food for Justice: Power, Politics, and Food Inequalities in a Bioeconomy (Berlin, 2024)",V5_TOPIC_TITLE
371,"[""Political behaviour and attitudes"", ""Government, political systems and organisations"", ""Elections""] GLES Tracking October 2022, T53",V5_TOPIC_TITLE
372,"[""Migration"", ""Physical fitness and exercise"", ""Specific diseases, disorders and medical conditions"", ""Government, political systems and organisations"", ""Political behaviour and attitudes"", ""Social welfare policy"", ""Specific social services: use and availability"", ""Employment""] German Internet Panel, Wave 51 (January 2021)",V5_TOPIC_TITLE
373,"[""Specific diseases, disorders and medical conditions"", ""MEDIA, COMMUNICATION AND LANGUAGE"", ""Working conditions"", ""Health care services and policies""] Trend Questions Corona (Week 13/2020)",V5_TOPIC_TITLE
374,"[""Media""] Sofortresonanzen DDR Fernsehen 21. Woche 1986 (SFR 21/86)",V5_TOPIC_TITLE
375,"[""Media"", ""POLITICS"", ""Political behaviour and attitudes"", ""Government, political systems and organisations""] General Public´s Trust in Politics",V5_TOPIC_TITLE
376,"[""Social behaviour and attitudes"", ""Crime and law enforcement"", ""International politics and organisations"", ""Conflict, security and peace"", ""Political behaviour and attitudes"", ""Government, political systems and organisations"", ""Elections"", ""Economic conditions and indicators"", ""Economic policy, public expenditure and revenue"", ""Economic systems and development""] Election Study 1994: Politbarometer West 1994 (Trend Investigations)",V5_TOPIC_TITLE
377,"[""Social behaviour and attitudes"", ""SOCIAL STRATIFICATION AND GROUPINGS"", ""Family life and marriage""] International Social Survey Programme: Social Relations and Support Systems - ISSP 2001",V5_TOPIC_TITLE
378,"[""Conflict, security and peace"", ""International politics and organisations"", ""Political behaviour and attitudes""] The Berlin Pulse - German Foreign Policy 2024",V5_TOPIC_TITLE
379,"[""Community, urban and rural life"", ""Cultural activities and participation"", ""Political behaviour and attitudes"", ""Government, political systems and organisations"", ""Housing""] Citizen Survey Duisburg (Spring 2000)",V5_TOPIC_TITLE
380,"[""Religion and values""] Based on ISSP 2018: A Cross-national and Comparative Study of Religion of Additional 14 Countries",V5_TOPIC_TITLE
381,"[""Social behaviour and attitudes"", ""Political behaviour and attitudes"", ""Government, political systems and organisations"", ""Elections""] Spring Study 1998",V5_TOPIC_TITLE
382,"[""Working conditions"", ""Occupational health""] Second European Survey of Enterprises on New and Emerging Risks 2014 (ESENER-2)",V5_TOPIC_TITLE
383,"[""Political behaviour and attitudes"", ""SOCIAL STRATIFICATION AND GROUPINGS"", ""Minorities"", ""Equality, inequality and social exclusion"", ""Cultural and national identity""] Group-oriented animosity against people (GMF-Survey 2010)",V5_TOPIC_TITLE
384,"[""Compulsory and pre-school education""] Learning Progression Analytics - Analysing and Promoting Learning Progressions to Develop Skills (LPA-AFLEK)",V5_TOPIC_TITLE
385,"[""Migration"", ""Community, urban and rural life"", ""Government, political systems and organisations""] Duisburg Citizen Survey (Autumn 2002, Foreign population)",V5_TOPIC_TITLE
386,"[""Crime and law enforcement"", ""Legislation and legal systems"", ""PSYCHOLOGY"", ""Family life and marriage"", ""Community, urban and rural life"", ""Leisure, tourism and sport"", ""Social behaviour and attitudes"", ""Time use"", ""Vocational education and training"", ""Employment""] Crime in the Modern City 2007",V5_TOPIC_TITLE
387,"[""MEDIA, COMMUNICATION AND LANGUAGE"", ""SOCIAL STRATIFICATION AND GROUPINGS""] Decatur Study (Personal Influence)",V5_TOPIC_TITLE
388,"[""Reproductive health"", ""Specific diseases, disorders and medical conditions"", ""Family life and marriage""] Partners III - Apprentices 1990",V5_TOPIC_TITLE
389,"[""Employment"", ""Higher and further education""] College Education and Profession",V5_TOPIC_TITLE
390,"[""Community, urban and rural life"", ""Political behaviour and attitudes"", ""Government, political systems and organisations"", ""Elections""] Social Situation and Political Orientations of the Jena Populace before the Municipal Election in May 1990",V5_TOPIC_TITLE
391,"[""MEDIA, COMMUNICATION AND LANGUAGE"", ""Information technology""] Social Science Telephone Interviews among the General Public via the Mobile Phone Net (CELLA 1)",V5_TOPIC_TITLE
392,"[""Business/industrial management and organisation"", ""Economic systems and development""] Flash Eurobarometer 10 (Managers)",V5_TOPIC_TITLE
393,"[""HISTORY"", ""Income, property and investment/saving""] histat - data compilation online: Wages and Salaries (Indices) in Germany 1913/14 - 2006",V5_TOPIC_TITLE
394,"[""Reproductive health""] Family Planning as Health Task",V5_TOPIC_TITLE
395,"[""Cultural and national identity"", ""Minorities"", ""International politics and organisations"", ""Migration""] International Social Survey Programme: National Identity III - ISSP 2013 (Netherlands)",V5_TOPIC_TITLE
396,"[""Media""] Sofortresonanzen DDR Fernsehen 5. Woche 1988 (SFR 5/88)",V5_TOPIC_TITLE
397,"[""International politics and organisations"", ""Conflict, security and peace"", ""Government, political systems and organisations"", ""Economic systems and development""] Attitudes to Security Policy in the Federal Republic (November - December 1982)",V5_TOPIC_TITLE
398,"[""Working conditions"", ""Vocational education and training"", ""Occupational health""] Youth Industrial Health and Safety in Practice in Hesse from the Perspective of Young People",V5_TOPIC_TITLE
399,"[""Social conditions and indicators"", ""Youth""] Young People and Adults '85 (Adult)",V5_TOPIC_TITLE
400,"[""Diet and nutrition"", ""General health and well-being"", ""Medication and treatment"", ""Specific diseases, disorders and medical conditions""] Schoolchildren Interval Study Health Education and Maintaining Health 1987 to 1991 (Waves 1 to 3)",V5_TOPIC_TITLE
401,Politbarometer (February 1990),V5_TOPIC_TITLE
402,Politbarometer (October 1987),V5_TOPIC_TITLE
403,"[""university"", ""university policy"", ""digitalization"", ""artificial intelligence"", ""university research""] Monitor Digitalisierung 360° - WiSe 2023/24",V5_TOPIC_TITLE
404,"[""parliamentary debate"", ""Croatia""] CROCorp: Corpus of Parliamentary Debates in Croatia",V5_TOPIC_TITLE
405,"[""affectedness"", ""epidemic"", ""comparison"", ""reference group"", ""social status"", ""satisfaction with life""] Code/Syntax: Socio-Economic Status, Comparisons of Subjective Affectedness and Life Satisfaction During the COVID-19 Pandemic in Germany",V5_TOPIC_TITLE
406,"[""HISTORY""] Universities in the Federal Republic of Germany 1949-2001",V5_TOPIC_TITLE
407,"[""Consumption and consumer behaviour""] Consumer Analysis 87",V5_TOPIC_TITLE
408,"[""Leisure, tourism and sport"", ""Youth""] Young People in Organized Leisure Time",V5_TOPIC_TITLE
409,"[""Medication and treatment"", ""Specific diseases, disorders and medical conditions""] Prevention Survey Rhineland-Palatinate (2006 and 2010)",V5_TOPIC_TITLE
410,"[""HISTORY""] The Reichstag Elections and Reich Presidential Elections in Kiel 1925-1932",V5_TOPIC_TITLE
411,"[""Data management"", ""Knowledge transfer"", ""Research collaboration"", ""research documentation"", ""data access"", ""data documentation"", ""data storage"", ""democracy""] MEDem User Survey 2024",V5_TOPIC_TITLE
412,"[""Media""] Sofortresonanzen DDR Fernsehen 30. Woche 1984 (SFR 30/84",V5_TOPIC_TITLE
413,"[""Community, urban and rural life""] Social Structure in the Lignite Area West of the Rhine (Relocated Villages)",V5_TOPIC_TITLE
414,"[""Religion and values"", ""Social behaviour and attitudes"", ""Political behaviour and attitudes"", ""Government, political systems and organisations"", ""SOCIAL STRATIFICATION AND GROUPINGS"", ""Family life and marriage"", ""Economic systems and development""] EVS - European Values Study 1999 - Great Britain",V5_TOPIC_TITLE
415,"[""Government, political systems and organisations"", ""International politics and organisations"", ""Political behaviour and attitudes""] Social and Political Attitudes 2024 (Cumulated Data Set)",V5_TOPIC_TITLE
416,"[""International politics and organisations"", ""POLITICS"", ""Conflict, security and peace"", ""Political behaviour and attitudes"", ""Political ideology""] Flash Eurobarometer 550 (EU Challenges and Priorities)",V5_TOPIC_TITLE
417,"[""Employment"", ""Cultural activities and participation"", ""Specific diseases, disorders and medical conditions"", ""Media"", ""Political behaviour and attitudes"", ""Government, political systems and organisations"", ""Family life and marriage"", ""Youth""] Interval Study: Development Factors and Development Forms of Young People in the GDR (1968-1980) IS I - 1970 (3rd Wave)",V5_TOPIC_TITLE
418,"[""Employment"", ""Business/industrial management and organisation"", ""PSYCHOLOGY""] Personality, Motives, and Human Capital as Explanations for Business Success",V5_TOPIC_TITLE
419,"[""Political behaviour and attitudes"", ""Elections""] State Election in Saarland 2012",V5_TOPIC_TITLE
420,"[""Social behaviour and attitudes"", ""Medication and treatment"", ""Specific diseases, disorders and medical conditions"", ""Language and linguistics"", ""International politics and organisations"", ""Political behaviour and attitudes""] Eurobarometer 47.2 (Apr-Jun 1997)",V5_TOPIC_TITLE
421,"[""Economic conditions and indicators"", ""Economic policy, public expenditure and revenue"", ""TRADE, INDUSTRY AND MARKETS"", ""Business/industrial management and organisation""] German Business Panel, Covid-19 Survey (2020/2021). Data file for on-site use",V5_TOPIC_TITLE
422,"[""Community, urban and rural life"", ""Land use and planning""] Preparatory Investigation according to the Law to Promote Urban Development (Municipality Data)",V5_TOPIC_TITLE
423,"[""Compulsory and pre-school education"", ""Children""] Political Socialization in Pre-School Age",V5_TOPIC_TITLE
424,"[""Higher and further education"", ""Political behaviour and attitudes"", ""Government, political systems and organisations""] Attitude to Demonstrations and to the SDS",V5_TOPIC_TITLE
425,"[""Employment"", ""Community, urban and rural life"", ""TRADE, INDUSTRY AND MARKETS"", ""Specific social services: use and availability""] The Role of Women in the Informal sector: The Case of Ajegunle, Nigeria",V5_TOPIC_TITLE
426,"[""HISTORY""] Social Change and Violent Crime",V5_TOPIC_TITLE
427,"[""Crime and law enforcement""] The Death Penalty (1978)",V5_TOPIC_TITLE
428,"Election Study 1987 (Politbarometer, November 1986)",V5_TOPIC_TITLE
429,"[""HISTORY""] Representatives in the Reichstag in the Weimar Republic 1919-1933",V5_TOPIC_TITLE
430,"[""LAW, CRIME AND LEGAL SYSTEMS"", ""Crime and law enforcement"", ""International politics and organisations""] Flash Eurobarometer 383 (Firearms in the European Union)",V5_TOPIC_TITLE
431,"[""Economic systems and development""] Flash Eurobarometer 223 (Euro Introduction in Malta)",V5_TOPIC_TITLE
432,"[""Higher and further education"", ""Social behaviour and attitudes"", ""Political behaviour and attitudes""] Comparative National Development Project (Uruguay)",V5_TOPIC_TITLE
433,"[""Media""] Sofortresonanzen DDR Fernsehen 39. Woche 1984 (SFR 39/84)",V5_TOPIC_TITLE
434,"[""digitalization"", ""telecommuting"", ""workaholism"", ""job performance""] Code/Syntax: Homeoffice und suchthaftes Arbeiten in Deutschland",V5_TOPIC_TITLE
435,"[""Social behaviour and attitudes"", ""Political behaviour and attitudes"", ""Government, political systems and organisations"", ""Equality, inequality and social exclusion""] Political Resonance 1995",V5_TOPIC_TITLE
436,"[""Social conditions and indicators"", ""Political behaviour and attitudes"", ""Government, political systems and organisations"", ""Elections""] 50 Years Federal Republic of Germany",V5_TOPIC_TITLE
437,"[""Employment"", ""TRADE, INDUSTRY AND MARKETS""] Shoemakers",V5_TOPIC_TITLE
438,"[""Government, political systems and organisations"", ""Political behaviour and attitudes"", ""Political ideology""] Crisis Monitor (Week 8/2024)",V5_TOPIC_TITLE
